peak_name,gene_name
Merged-chrX-74084399-1,Tktl1
Merged-chrX-74085634-78,Tktl1
Merged-chrX-74103909-1,Tktl1
Merged-chrX-74108108-1,Tktl1
Merged-chrX-74109683-1,Tktl1
Merged-chrX-74115746-36,Tktl1
Merged-chrX-74125196-1,Tktl1
Merged-chrX-74204855-1,Tktl1
Merged-chrX-74218273-2,Tktl1
Merged-chrX-74220314-1,Tktl1
Merged-chrX-74228981-1,Tktl1
Merged-chrX-74231212-2,Tktl1
Merged-chrX-74232045-1,Tktl1
Merged-chrX-74233052-1,Tktl1
Merged-chrX-74237650-1,Tktl1
Merged-chrX-74244053-61,Tktl1
Merged-chrX-74244924-10,Tktl1
Merged-chrX-74245820-6,Tktl1
Merged-chrX-74246529-53,Tktl1
Merged-chrX-74246929-1,Tktl1
Merged-chrX-74248900-1,Tktl1
Merged-chrX-74249822-5,Tktl1
Merged-chrX-74254715-62,Tktl1
Merged-chrX-74265096-1,Tktl1
Merged-chrX-74269102-1,Tktl1
Merged-chrX-74270516-113,Tktl1
Merged-chrX-74270986-1,Tktl1
Merged-chrX-74271414-1,Tktl1
Merged-chrX-74273919-1,Tktl1
Merged-chrX-74274452-1,Tktl1
Merged-chrX-74275247-1,Tktl1
Merged-chrX-74281817-51,Tktl1
Merged-chrX-74282697-40,Tktl1
Merged-chrX-74297049-62,Tktl1
Merged-chrX-74304540-1,Tktl1
Merged-chrX-74305156-53,Tktl1
Merged-chr1-14657879-1,Msc
Merged-chr1-14658462-1,Msc
Merged-chr1-14661001-1,Msc
Merged-chr1-14665228-1,Msc
Merged-chr1-14677132-1,Msc
Merged-chr1-14684401-1,Msc
Merged-chr1-14687517-1,Msc
Merged-chr1-14687938-1,Msc
Merged-chr1-14696088-1,Msc
Merged-chr1-14702279-1,Msc
Merged-chr1-14704664-1,Msc
Merged-chr1-14715750-3,Msc
Merged-chr1-14718301-1,Msc
Merged-chr1-14720028-1,Msc
Merged-chr1-14737948-1,Msc
Merged-chr1-14740180-5,Msc
Merged-chr1-14742057-1,Msc
Merged-chr1-14746993-1,Msc
Merged-chr1-14747541-4,Msc
Merged-chr1-14750334-1,Msc
Merged-chr1-14753721-1,Msc
Merged-chr1-14755705-16,Msc
Merged-chr1-14757812-1,Msc
Merged-chr1-14759612-1,Msc
Merged-chr1-14760767-1,Msc
Merged-chr1-14769568-1,Msc
Merged-chr1-14781512-1,Msc
Merged-chr1-14789125-1,Msc
Merged-chr1-14791777-1,Msc
Merged-chr1-14823620-1,Msc
Merged-chr1-14843634-1,Msc
Merged-chr1-40366959-1,Il18r1
Merged-chr1-40370542-1,Il18r1
Merged-chr1-40375720-1,Il18r1
Merged-chr1-40378970-4,Il18r1
Merged-chr1-40380378-28,Il18r1
Merged-chr1-40381206-36,Il18r1
Merged-chr1-40383018-36,Il18r1
Merged-chr1-40386341-27,Il18r1
Merged-chr1-40386614-1,Il18r1
Merged-chr1-40391591-14,Il18r1
Merged-chr1-40393490-33,Il18r1
Merged-chr1-40394725-3,Il18r1
Merged-chr1-40395971-1,Il18r1
Merged-chr1-40398500-1,Il18r1
Merged-chr1-40399879-11,Il18r1
Merged-chr1-40401235-1,Il18r1
Merged-chr1-40402585-1,Il18r1
Merged-chr1-40406232-1,Il18r1
Merged-chr1-40410314-1,Il18r1
Merged-chr1-40411588-1,Il18r1
Merged-chr1-40412612-3,Il18r1
Merged-chr1-40413292-10,Il18r1
Merged-chr1-40428170-1,Il18r1
Merged-chr1-40444517-1,Il18r1
Merged-chr1-40444884-18,Il18r1
Merged-chr1-40449921-1,Il18r1
Merged-chr1-40464127-2,Il18r1
Merged-chr1-40465637-53,Il18r1
Merged-chr1-40467495-3,Il18r1
Merged-chr1-40470101-46,Il18r1
Merged-chr1-40472762-1,Il18r1
Merged-chr1-40473885-42,Il18r1
Merged-chr1-40475862-49,Il18r1
Merged-chr1-40476953-1,Il18r1
Merged-chr1-40479636-43,Il18r1
Merged-chr1-40480453-1,Il18r1
Merged-chr1-40481937-1,Il18r1
Merged-chr1-40498823-1,Il18r1
Merged-chr1-40501762-7,Il18r1
Merged-chr1-40502170-21,Il18r1
Merged-chr1-40504807-2,Il18r1
Merged-chr1-40514456-2,Il18r1
Merged-chr1-40515342-44,Il18r1
Merged-chr1-40515702-2,Il18r1
Merged-chr1-40516543-9,Il18r1
Merged-chr1-40522946-10,Il18r1
Merged-chr1-40524199-26,Il18r1
Merged-chr1-40528227-1,Il18r1
Merged-chr1-40530422-1,Il18r1
Merged-chr1-40531357-1,Il18r1
Merged-chr1-40534441-2,Il18r1
Merged-chr1-40538535-1,Il18r1
Merged-chr1-40542568-1,Il18r1
Merged-chr1-40543062-3,Il18r1
Merged-chr1-40544852-13,Il18r1
Merged-chr1-40546097-1,Il18r1
Merged-chr1-40551406-1,Il18r1
Merged-chr1-40564604-1,Il18r1
Merged-chr1-40569977-1,Il18r1
Merged-chr1-40577787-2,Il18r1
Merged-chr1-40579960-4,Il18r1
Merged-chr1-40583900-1,Il18r1
Merged-chr1-40585678-5,Il18r1
Merged-chr1-40586920-2,Il18r1
Merged-chr1-40596493-1,Il18r1
Merged-chr1-130344759-2,Cd55
Merged-chr1-130345450-1,Cd55
Merged-chr1-130349662-1,Cd55
Merged-chr1-130350461-5,Cd55
Merged-chr1-130352670-1,Cd55
Merged-chr1-130355268-2,Cd55
Merged-chr1-130355571-1,Cd55
Merged-chr1-130361376-1,Cd55
Merged-chr1-130362396-1,Cd55
Merged-chr1-130367300-1,Cd55
Merged-chr1-130367938-1,Cd55
Merged-chr1-130368600-1,Cd55
Merged-chr1-130370524-1,Cd55
Merged-chr1-130372329-7,Cd55
Merged-chr1-130373471-1,Cd55
Merged-chr1-130387646-1,Cd55
Merged-chr1-130388466-1,Cd55
Merged-chr1-130397154-1,Cd55
Merged-chr1-130401541-1,Cd55
Merged-chr1-130416323-1,Cd55
Merged-chr1-130426868-1,Cd55
Merged-chr1-130427275-1,Cd55
Merged-chr1-130429073-1,Cd55
Merged-chr1-130439767-1,Cd55
Merged-chr1-130443000-1,Cd55
Merged-chr1-130446381-1,Cd55
Merged-chr1-130455430-2,Cd55
Merged-chr1-130457436-2,Cd55
Merged-chr1-130462621-62,Cd55
Merged-chr1-130464057-2,Cd55
Merged-chr1-130468205-1,Cd55
Merged-chr1-130468899-1,Cd55
Merged-chr1-130470754-3,Cd55
Merged-chr1-130473077-2,Cd55
Merged-chr1-130474445-6,Cd55
Merged-chr1-130475143-57,Cd55
Merged-chr1-130476572-1,Cd55
Merged-chr1-130479787-1,Cd55
Merged-chr1-130480292-1,Cd55
Merged-chr1-130486761-1,Cd55
Merged-chr1-130487141-1,Cd55
Merged-chr1-130487873-1,Cd55
Merged-chr1-130490818-1,Cd55
Merged-chr1-130498562-3,Cd55
Merged-chr1-130502247-3,Cd55
Merged-chr1-130505345-1,Cd55
Merged-chr1-130505550-1,Cd55
Merged-chr1-130508796-33,Cd55
Merged-chr1-130511379-1,Cd55
Merged-chr1-130513213-1,Cd55
Merged-chr1-130516905-5,Cd55
Merged-chr1-130522650-1,Cd55
Merged-chr1-130524235-1,Cd55
Merged-chr1-130524530-1,Cd55
Merged-chr1-130525549-1,Cd55
Merged-chr1-130543058-1,Cd55
Merged-chr1-130545757-3,Cd55
Merged-chr1-130547543-1,Cd55
Merged-chr1-130548159-39,Cd55
Merged-chr1-130549391-3,Cd55
Merged-chr1-130549879-1,Cd55
Merged-chr1-130550982-41,Cd55
Merged-chr1-130551605-11,Cd55
Merged-chr1-130555807-2,Cd55
Merged-chr2-128833199-8,Zc3h8
Merged-chr2-128836996-1,Zc3h8
Merged-chr2-128849195-1,Zc3h8
Merged-chr2-128852823-1,Zc3h8
Merged-chr2-128872156-1,Zc3h8
Merged-chr2-128872811-1,Zc3h8
Merged-chr2-128873421-1,Zc3h8
Merged-chr2-128875557-1,Zc3h8
Merged-chr2-128876132-1,Zc3h8
Merged-chr2-128877539-1,Zc3h8
Merged-chr2-128878932-7,Zc3h8
Merged-chr2-128880227-2,Zc3h8
Merged-chr2-128881421-3,Zc3h8
Merged-chr2-128886050-2,Zc3h8
Merged-chr2-128892453-2,Zc3h8
Merged-chr2-128893379-1,Zc3h8
Merged-chr2-128899965-1,Zc3h8
Merged-chr2-128902127-1,Zc3h8
Merged-chr2-128904582-1,Zc3h8
Merged-chr2-128908974-1,Zc3h8
Merged-chr2-128910264-1,Zc3h8
Merged-chr2-128910556-1,Zc3h8
Merged-chr2-128920011-1,Zc3h8
Merged-chr2-128922182-1,Zc3h8
Merged-chr2-128928716-7,Zc3h8
Merged-chr2-128932672-1,Zc3h8
Merged-chr2-128933932-1,Zc3h8
Merged-chr2-128943925-86,Zc3h8
Merged-chr2-128948387-12,Zc3h8
Merged-chr2-128949601-1,Zc3h8
Merged-chr2-128956340-1,Zc3h8
Merged-chr2-128967387-76,Zc3h8
Merged-chr2-128983097-1,Zc3h8
Merged-chr2-128984975-1,Zc3h8
Merged-chr2-129001949-1,Zc3h8
Merged-chr2-129014511-2,Zc3h8
Merged-chr2-129015776-1,Zc3h8
Merged-chr2-129016316-1,Zc3h8
Merged-chr2-129025863-1,Zc3h8
Merged-chr2-129033739-1,Zc3h8
Merged-chr2-129038811-1,Zc3h8
Merged-chr2-129039211-1,Zc3h8
Merged-chr2-129039755-1,Zc3h8
Merged-chr2-129040774-2,Zc3h8
Merged-chr2-129041062-1,Zc3h8
Merged-chr2-163928624-1,Pabpc1l
Merged-chr2-163932415-5,Pabpc1l
Merged-chr2-163937883-1,Pabpc1l
Merged-chr2-163942032-1,Pabpc1l
Merged-chr2-163945418-1,Pabpc1l
Merged-chr2-163946430-1,Pabpc1l
Merged-chr2-163947905-1,Pabpc1l
Merged-chr2-163948796-1,Pabpc1l
Merged-chr2-163951970-2,Pabpc1l
Merged-chr2-163963423-1,Pabpc1l
Merged-chr2-163964911-1,Pabpc1l
Merged-chr2-163968796-12,Pabpc1l
Merged-chr2-163971688-1,Pabpc1l
Merged-chr2-163974377-1,Pabpc1l
Merged-chr2-163979105-2,Pabpc1l
Merged-chr2-163980413-1,Pabpc1l
Merged-chr2-163985555-1,Pabpc1l
Merged-chr2-163986858-1,Pabpc1l
Merged-chr2-163989597-1,Pabpc1l
Merged-chr2-163995240-106,Pabpc1l
Merged-chr2-163996419-1,Pabpc1l
Merged-chr2-163998101-1,Pabpc1l
Merged-chr2-164001291-1,Pabpc1l
Merged-chr2-164004697-2,Pabpc1l
Merged-chr2-164007132-49,Pabpc1l
Merged-chr2-164008388-1,Pabpc1l
Merged-chr2-164009101-1,Pabpc1l
Merged-chr2-164011876-1,Pabpc1l
Merged-chr2-164016517-1,Pabpc1l
Merged-chr2-164017267-2,Pabpc1l
Merged-chr2-164017860-1,Pabpc1l
Merged-chr2-164019115-1,Pabpc1l
Merged-chr2-164023974-1,Pabpc1l
Merged-chr2-164025340-1,Pabpc1l
Merged-chr2-164027723-1,Pabpc1l
Merged-chr2-164036613-1,Pabpc1l
Merged-chr2-164037865-2,Pabpc1l
Merged-chr2-164038519-1,Pabpc1l
Merged-chr2-164040403-1,Pabpc1l
Merged-chr2-164041116-4,Pabpc1l
Merged-chr2-164044478-1,Pabpc1l
Merged-chr2-164047535-64,Pabpc1l
Merged-chr2-164048438-1,Pabpc1l
Merged-chr2-164052675-1,Pabpc1l
Merged-chr2-164055502-1,Pabpc1l
Merged-chr2-164056178-1,Pabpc1l
Merged-chr2-164056980-1,Pabpc1l
Merged-chr2-164058369-1,Pabpc1l
Merged-chr2-164060136-1,Pabpc1l
Merged-chr2-164060342-1,Pabpc1l
Merged-chr2-164063960-1,Pabpc1l
Merged-chr2-164065026-1,Pabpc1l
Merged-chr2-164070560-7,Pabpc1l
Merged-chr2-164071114-59,Pabpc1l
Merged-chr2-164074110-61,Pabpc1l
Merged-chr2-164078054-10,Pabpc1l
Merged-chr2-164079700-49,Pabpc1l
Merged-chr2-164081814-19,Pabpc1l
Merged-chr2-164083806-2,Pabpc1l
Merged-chr2-164084312-79,Pabpc1l
Merged-chr2-164087598-10,Pabpc1l
Merged-chr2-164088212-1,Pabpc1l
Merged-chr2-164088931-1,Pabpc1l
Merged-chr2-164090856-1,Pabpc1l
Merged-chr2-164092124-2,Pabpc1l
Merged-chr2-164092623-2,Pabpc1l
Merged-chr2-164094145-15,Pabpc1l
Merged-chr2-164096831-1,Pabpc1l
Merged-chr2-164100452-2,Pabpc1l
Merged-chr2-164100826-2,Pabpc1l
Merged-chr2-164103672-4,Pabpc1l
Merged-chr2-164106115-1,Pabpc1l
Merged-chr2-164106967-1,Pabpc1l
Merged-chr2-164108897-1,Pabpc1l
Merged-chr2-164109410-1,Pabpc1l
Merged-chr2-164112269-3,Pabpc1l
Merged-chr2-164114313-2,Pabpc1l
Merged-chr2-164115659-1,Pabpc1l
Merged-chr2-164118937-1,Pabpc1l
Merged-chr2-164122881-1,Pabpc1l
Merged-chr2-164125407-1,Pabpc1l
Merged-chr2-164126608-2,Pabpc1l
Merged-chr2-164128800-3,Pabpc1l
Merged-chr2-164130701-1,Pabpc1l
Merged-chr2-164132097-1,Pabpc1l
Merged-chr2-164132554-1,Pabpc1l
Merged-chr2-164133541-2,Pabpc1l
Merged-chr2-164133874-1,Pabpc1l
Merged-chr2-164134879-1,Pabpc1l
Merged-chr2-164136573-1,Pabpc1l
Merged-chr2-164139050-1,Pabpc1l
Merged-chr2-164140107-2,Pabpc1l
Merged-chr2-164140393-1,Pabpc1l
Merged-chr2-164147116-1,Pabpc1l
Merged-chr3-90514865-41,S100a6
Merged-chr3-90515470-2,S100a6
Merged-chr3-90524158-1,S100a6
Merged-chr3-90525622-17,S100a6
Merged-chr3-90526142-1,S100a6
Merged-chr3-90526507-1,S100a6
Merged-chr3-90526933-1,S100a6
Merged-chr3-90528282-1,S100a6
Merged-chr3-90535379-1,S100a6
Merged-chr3-90537102-1,S100a6
Merged-chr3-90538297-1,S100a6
Merged-chr3-90540010-1,S100a6
Merged-chr3-90541225-1,S100a6
Merged-chr3-90541576-1,S100a6
Merged-chr3-90568947-1,S100a6
Merged-chr3-90572345-1,S100a6
Merged-chr3-90575156-1,S100a6
Merged-chr3-90575803-1,S100a6
Merged-chr3-90585880-1,S100a6
Merged-chr3-90587066-61,S100a6
Merged-chr3-90587868-4,S100a6
Merged-chr3-90588757-1,S100a6
Merged-chr3-90589670-25,S100a6
Merged-chr3-90590316-1,S100a6
Merged-chr3-90592572-2,S100a6
Merged-chr3-90598656-1,S100a6
Merged-chr3-90600989-1,S100a6
Merged-chr3-90603737-12,S100a6
Merged-chr3-90604668-7,S100a6
Merged-chr3-90605289-50,S100a6
Merged-chr3-90608388-1,S100a6
Merged-chr3-90612798-52,S100a6
Merged-chr3-90615147-1,S100a6
Merged-chr3-90615598-47,S100a6
Merged-chr3-90621767-3,S100a6
Merged-chr3-90622890-1,S100a6
Merged-chr3-90623566-20,S100a6
Merged-chr3-90624331-1,S100a6
Merged-chr3-90626142-1,S100a6
Merged-chr3-90627998-6,S100a6
Merged-chr3-90629501-22,S100a6
Merged-chr3-90638749-1,S100a6
Merged-chr3-90639063-4,S100a6
Merged-chr3-90639924-19,S100a6
Merged-chr3-90642238-3,S100a6
Merged-chr3-90648290-1,S100a6
Merged-chr3-90652356-1,S100a6
Merged-chr3-90653069-7,S100a6
Merged-chr3-90655301-1,S100a6
Merged-chr3-90655511-1,S100a6
Merged-chr3-90656652-1,S100a6
Merged-chr3-90657587-1,S100a6
Merged-chr3-90664385-1,S100a6
Merged-chr3-90669160-1,S100a6
Merged-chr3-90677733-1,S100a6
Merged-chr3-90681416-1,S100a6
Merged-chr3-90684592-1,S100a6
Merged-chr3-90690590-1,S100a6
Merged-chr3-90692015-1,S100a6
Merged-chr3-90692806-1,S100a6
Merged-chr3-90708736-1,S100a6
Merged-chr3-90710257-48,S100a6
Merged-chr3-90712699-1,S100a6
Merged-chr3-107796748-27,Gstm5
Merged-chr3-107797314-1,Gstm5
Merged-chr3-107803432-1,Gstm5
Merged-chr3-107807688-4,Gstm5
Merged-chr3-107809891-1,Gstm5
Merged-chr3-107810824-1,Gstm5
Merged-chr3-107815222-1,Gstm5
Merged-chr3-107819392-7,Gstm5
Merged-chr3-107823173-1,Gstm5
Merged-chr3-107825287-1,Gstm5
Merged-chr3-107825851-1,Gstm5
Merged-chr3-107828077-17,Gstm5
Merged-chr3-107832818-1,Gstm5
Merged-chr3-107833094-1,Gstm5
Merged-chr3-107839579-1,Gstm5
Merged-chr3-107845947-1,Gstm5
Merged-chr3-107846320-53,Gstm5
Merged-chr3-107849188-4,Gstm5
Merged-chr3-107852371-1,Gstm5
Merged-chr3-107853288-77,Gstm5
Merged-chr3-107853993-6,Gstm5
Merged-chr3-107863138-1,Gstm5
Merged-chr3-107864107-41,Gstm5
Merged-chr3-107865660-1,Gstm5
Merged-chr3-107867263-52,Gstm5
Merged-chr3-107870392-1,Gstm5
Merged-chr3-107874486-1,Gstm5
Merged-chr3-107874775-1,Gstm5
Merged-chr3-107875321-1,Gstm5
Merged-chr3-107877100-1,Gstm5
Merged-chr3-107878176-1,Gstm5
Merged-chr3-107879399-1,Gstm5
Merged-chr3-107883666-1,Gstm5
Merged-chr3-107885008-10,Gstm5
Merged-chr3-107890318-13,Gstm5
Merged-chr3-107890773-1,Gstm5
Merged-chr3-107895283-1,Gstm5
Merged-chr3-107895944-5,Gstm5
Merged-chr3-107897456-1,Gstm5
Merged-chr3-107899470-1,Gstm5
Merged-chr3-107906320-1,Gstm5
Merged-chr3-107908470-1,Gstm5
Merged-chr3-107910472-1,Gstm5
Merged-chr3-107911628-1,Gstm5
Merged-chr3-107915040-2,Gstm5
Merged-chr3-107918195-10,Gstm5
Merged-chr3-107918477-1,Gstm5
Merged-chr3-107920039-2,Gstm5
Merged-chr3-107926871-1,Gstm5
Merged-chr3-107930091-2,Gstm5
Merged-chr3-107931589-1,Gstm5
Merged-chr3-107931877-30,Gstm5
Merged-chr3-107935094-1,Gstm5
Merged-chr3-107935599-1,Gstm5
Merged-chr3-107938747-1,Gstm5
Merged-chr3-107939624-6,Gstm5
Merged-chr3-107943606-1,Gstm5
Merged-chr3-107943835-1,Gstm5
Merged-chr3-107944389-1,Gstm5
Merged-chr3-107951434-1,Gstm5
Merged-chr3-107953474-1,Gstm5
Merged-chr3-107964585-1,Gstm5
Merged-chr3-107965228-1,Gstm5
Merged-chr3-107966711-2,Gstm5
Merged-chr3-107969296-1,Gstm5
Merged-chr3-107973073-1,Gstm5
Merged-chr3-107977442-1,Gstm5
Merged-chr3-107978313-1,Gstm5
Merged-chr3-107984332-1,Gstm5
Merged-chr4-134401563-14,Paqr7
Merged-chr4-134401995-1,Paqr7
Merged-chr4-134403075-1,Paqr7
Merged-chr4-134413300-1,"Aunip,Paqr7"
Merged-chr4-134416497-1,"Aunip,Paqr7"
Merged-chr4-134418126-1,"Aunip,Paqr7"
Merged-chr4-134421403-1,"Aunip,Paqr7"
Merged-chr4-134424136-1,"Aunip,Paqr7"
Merged-chr4-134436829-3,"Aunip,Paqr7"
Merged-chr4-134440771-1,"Aunip,Paqr7"
Merged-chr4-134444236-1,"Aunip,Paqr7"
Merged-chr4-134448129-4,"Aunip,Paqr7"
Merged-chr4-134452375-1,"Aunip,Paqr7"
Merged-chr4-134454233-5,"Aunip,Paqr7"
Merged-chr4-134458453-1,"Aunip,Paqr7"
Merged-chr4-134459533-1,"Aunip,Paqr7"
Merged-chr4-134460512-19,"Aunip,Paqr7"
Merged-chr4-134465897-1,"Aunip,Paqr7"
Merged-chr4-134467874-4,"Aunip,Paqr7"
Merged-chr4-134468321-55,"Aunip,Paqr7"
Merged-chr4-134469111-58,"Aunip,Paqr7"
Merged-chr4-134477091-1,"Aunip,Paqr7"
Merged-chr4-134478215-51,"Aunip,Paqr7"
Merged-chr4-134480976-26,"Aunip,Paqr7"
Merged-chr4-134482440-2,"Aunip,Paqr7"
Merged-chr4-134483845-3,"Aunip,Paqr7"
Merged-chr4-134485997-1,"Aunip,Paqr7"
Merged-chr4-134489849-5,"Aunip,Paqr7"
Merged-chr4-134495384-59,"Aunip,Paqr7"
Merged-chr4-134497091-6,"Aunip,Paqr7"
Merged-chr4-134500693-2,"Aunip,Paqr7"
Merged-chr4-134502271-1,"Aunip,Paqr7"
Merged-chr4-134506434-1,"Aunip,Paqr7"
Merged-chr4-134509026-1,"Aunip,Paqr7"
Merged-chr4-134511046-38,"Aunip,Paqr7"
Merged-chr4-134512981-6,"Aunip,Paqr7"
Merged-chr4-134514306-1,"Aunip,Paqr7"
Merged-chr4-134517581-2,"Aunip,Paqr7"
Merged-chr4-134519723-1,"Aunip,Paqr7"
Merged-chr4-134522725-1,"Aunip,Paqr7"
Merged-chr4-134524254-1,"Aunip,Paqr7"
Merged-chr4-134534550-18,"Aunip,Paqr7"
Merged-chr4-134535327-59,"Aunip,Paqr7"
Merged-chr4-134539860-1,"Aunip,Paqr7"
Merged-chr4-134540654-1,"Aunip,Paqr7"
Merged-chr4-134543449-35,"Aunip,Paqr7"
Merged-chr4-134544586-1,"Aunip,Paqr7"
Merged-chr4-134545335-2,"Aunip,Paqr7"
Merged-chr4-134547494-19,"Aunip,Paqr7"
Merged-chr4-134548228-1,"Aunip,Paqr7"
Merged-chr4-134552111-7,"Aunip,Paqr7"
Merged-chr4-134552627-1,"Aunip,Paqr7"
Merged-chr4-134554893-1,"Aunip,Paqr7"
Merged-chr4-134556729-1,"Aunip,Paqr7"
Merged-chr4-134557203-1,"Aunip,Paqr7"
Merged-chr4-134558060-4,"Aunip,Paqr7"
Merged-chr4-134558742-1,"Aunip,Paqr7"
Merged-chr4-134559304-2,"Aunip,Paqr7"
Merged-chr4-134560912-1,"Aunip,Paqr7"
Merged-chr4-134562357-1,"Aunip,Paqr7"
Merged-chr4-134568884-1,"Aunip,Paqr7"
Merged-chr4-134571761-1,"Aunip,Paqr7"
Merged-chr4-134575797-1,"Aunip,Paqr7"
Merged-chr4-134576955-1,"Aunip,Paqr7"
Merged-chr4-134578100-1,"Aunip,Paqr7"
Merged-chr4-134578515-1,"Aunip,Paqr7"
Merged-chr4-134580233-1,"Aunip,Paqr7"
Merged-chr4-134580909-1,"Aunip,Paqr7"
Merged-chr4-134583688-4,"Aunip,Paqr7"
Merged-chr4-134585276-1,"Aunip,Paqr7"
Merged-chr4-134586826-1,"Aunip,Paqr7"
Merged-chr4-134587746-2,"Aunip,Paqr7"
Merged-chr4-134588431-1,"Aunip,Paqr7"
Merged-chr4-134590162-1,"Aunip,Paqr7"
Merged-chr4-134592505-2,"Aunip,Paqr7"
Merged-chr4-134595229-6,"Aunip,Paqr7"
Merged-chr4-134597890-1,"Aunip,Paqr7"
Merged-chr4-134601582-16,"Aunip,Paqr7"
Merged-chr4-134603813-1,"Aunip,Paqr7"
Merged-chr4-134605190-1,"Aunip,Paqr7"
Merged-chr4-134606669-1,"Aunip,Paqr7"
Merged-chr4-134614098-1,Aunip
Merged-chr4-134615701-1,Aunip
Merged-chr4-134619011-1,Aunip
Merged-chr4-134619344-2,Aunip
Merged-chr4-134619788-2,Aunip
Merged-chr4-140806506-1,Padi2
Merged-chr4-140807493-1,Padi2
Merged-chr4-140810882-2,Padi2
Merged-chr4-140811162-1,Padi2
Merged-chr4-140812967-1,Padi2
Merged-chr4-140814714-15,Padi2
Merged-chr4-140815687-24,Padi2
Merged-chr4-140816223-22,Padi2
Merged-chr4-140822223-3,Padi2
Merged-chr4-140824054-2,Padi2
Merged-chr4-140824895-1,Padi2
Merged-chr4-140826104-3,Padi2
Merged-chr4-140831271-1,Padi2
Merged-chr4-140833040-17,Padi2
Merged-chr4-140834986-1,Padi2
Merged-chr4-140835915-1,Padi2
Merged-chr4-140836459-1,Padi2
Merged-chr4-140836816-1,Padi2
Merged-chr4-140851076-2,Padi2
Merged-chr4-140853664-1,Padi2
Merged-chr4-140857294-15,Padi2
Merged-chr4-140858083-1,Padi2
Merged-chr4-140859480-6,Padi2
Merged-chr4-140860314-6,Padi2
Merged-chr4-140866231-13,Padi2
Merged-chr4-140867415-7,Padi2
Merged-chr4-140868671-13,Padi2
Merged-chr4-140869067-3,Padi2
Merged-chr4-140869729-1,Padi2
Merged-chr4-140871429-1,Padi2
Merged-chr4-140873445-1,Padi2
Merged-chr4-140874277-1,Padi2
Merged-chr4-140884428-1,Padi2
Merged-chr4-140891620-1,Padi2
Merged-chr4-140892298-3,Padi2
Merged-chr4-140901868-1,Padi2
Merged-chr4-140902618-14,Padi2
Merged-chr4-140905524-15,Padi2
Merged-chr4-140906291-56,Padi2
Merged-chr4-140912510-1,Padi2
Merged-chr4-140915564-1,Padi2
Merged-chr4-140916581-2,Padi2
Merged-chr4-140920073-1,Padi2
Merged-chr4-140922898-2,Padi2
Merged-chr4-140925927-2,Padi2
Merged-chr4-140927985-1,Padi2
Merged-chr4-140929063-1,Padi2
Merged-chr4-140931108-4,Padi2
Merged-chr4-140932189-1,Padi2
Merged-chr4-140932567-1,Padi2
Merged-chr4-140935856-1,Padi2
Merged-chr4-140936379-1,Padi2
Merged-chr4-140944522-4,Padi2
Merged-chr4-140945204-71,Padi2
Merged-chr4-140947063-2,Padi2
Merged-chr4-140948160-58,Padi2
Merged-chr4-140952542-54,Padi2
Merged-chr4-140953772-1,Padi2
Merged-chr4-140954203-1,Padi2
Merged-chr4-140958031-32,Padi2
Merged-chr4-140961297-61,Padi2
Merged-chr4-140963879-1,Padi2
Merged-chr4-140964784-6,Padi2
Merged-chr4-140972786-2,Padi2
Merged-chr4-140975606-1,Padi2
Merged-chr4-140978255-1,Padi2
Merged-chr4-140981775-1,Padi2
Merged-chr4-140983596-56,Padi2
Merged-chr4-140986873-46,Padi2
Merged-chr4-140987754-2,Padi2
Merged-chr4-140989011-2,Padi2
Merged-chr4-140989693-12,Padi2
Merged-chr4-140995968-1,Padi2
Merged-chr4-140996433-1,Padi2
Merged-chr4-140998696-1,Padi2
Merged-chr4-141001846-1,Padi2
Merged-chr4-141003097-1,Padi2
Merged-chr4-141003818-1,Padi2
Merged-chr4-141006283-1,Padi2
Merged-chr4-141007585-1,Padi2
Merged-chr4-141008305-1,Padi2
Merged-chr4-141008746-1,Padi2
Merged-chr4-141010613-1,Padi2
Merged-chr4-141013644-1,Padi2
Merged-chr4-141015234-1,Padi2
Merged-chr4-141017777-1,Padi2
Merged-chr4-141018652-1,Padi2
Merged-chr4-141018938-1,Padi2
Merged-chr4-141026460-2,Padi2
Merged-chr4-141026741-1,Padi2
Merged-chr4-141028339-1,Padi2
Merged-chr4-141031941-37,Padi2
Merged-chr4-141036023-1,Padi2
Merged-chr4-141036964-3,Padi2
Merged-chr4-141042073-1,Padi2
Merged-chr4-141042676-1,Padi2
Merged-chr4-141044970-32,Padi2
Merged-chr4-141047999-1,Padi2
Merged-chr4-141050611-1,Padi2
Merged-chr5-115198691-1,Dynll1
Merged-chr5-115204291-3,Dynll1
Merged-chr5-115204874-2,Dynll1
Merged-chr5-115208621-1,Dynll1
Merged-chr5-115209511-1,Dynll1
Merged-chr5-115210577-3,Dynll1
Merged-chr5-115212430-1,Dynll1
Merged-chr5-115214965-3,Dynll1
Merged-chr5-115219026-1,Dynll1
Merged-chr5-115220326-1,Dynll1
Merged-chr5-115222622-1,Dynll1
Merged-chr5-115223861-1,Dynll1
Merged-chr5-115226812-1,Dynll1
Merged-chr5-115232366-1,Dynll1
Merged-chr5-115235404-35,Dynll1
Merged-chr5-115236054-38,Dynll1
Merged-chr5-115238012-57,Dynll1
Merged-chr5-115248716-1,Dynll1
Merged-chr5-115249534-1,Dynll1
Merged-chr5-115250701-1,Dynll1
Merged-chr5-115251378-1,Dynll1
Merged-chr5-115257837-1,Dynll1
Merged-chr5-115260685-1,Dynll1
Merged-chr5-115262090-2,Dynll1
Merged-chr5-115264112-1,Dynll1
Merged-chr5-115269991-1,Dynll1
Merged-chr5-115272303-10,Dynll1
Merged-chr5-115272935-49,Dynll1
Merged-chr5-115276399-1,Dynll1
Merged-chr5-115279736-40,Dynll1
Merged-chr5-115280441-4,Dynll1
Merged-chr5-115281050-1,Dynll1
Merged-chr5-115284597-1,Dynll1
Merged-chr5-115284901-1,Dynll1
Merged-chr5-115286598-1,Dynll1
Merged-chr5-115288202-1,Dynll1
Merged-chr5-115290794-1,Dynll1
Merged-chr5-115291814-1,Dynll1
Merged-chr5-115292798-1,Dynll1
Merged-chr5-115293247-1,Dynll1
Merged-chr5-115294376-2,Dynll1
Merged-chr5-115295028-1,Dynll1
Merged-chr5-115301056-69,Dynll1
Merged-chr5-115308692-1,Dynll1
Merged-chr5-115310505-1,Dynll1
Merged-chr5-115313035-3,Dynll1
Merged-chr5-115313792-14,Dynll1
Merged-chr5-115314906-1,Dynll1
Merged-chr5-115317901-4,Dynll1
Merged-chr5-115319056-1,Dynll1
Merged-chr5-115319806-11,Dynll1
Merged-chr5-115326649-1,Dynll1
Merged-chr5-115327132-58,Dynll1
Merged-chr5-115335601-1,Dynll1
Merged-chr5-115336065-1,Dynll1
Merged-chr5-115336716-1,Dynll1
Merged-chr5-115339481-1,Dynll1
Merged-chr5-115340687-2,Dynll1
Merged-chr5-115341214-47,Dynll1
Merged-chr5-115347783-31,Dynll1
Merged-chr5-115349046-58,Dynll1
Merged-chr5-115355458-1,Dynll1
Merged-chr5-115355905-1,Dynll1
Merged-chr5-115359033-28,Dynll1
Merged-chr5-115360572-1,Dynll1
Merged-chr5-115364172-1,Dynll1
Merged-chr5-115365819-2,Dynll1
Merged-chr5-115370193-1,Dynll1
Merged-chr5-115372569-1,Dynll1
Merged-chr5-115374058-1,Dynll1
Merged-chr5-115382960-1,Dynll1
Merged-chr5-115388718-1,Dynll1
Merged-chr5-115389484-1,Dynll1
Merged-chr5-115394477-1,Dynll1
Merged-chr5-134840348-1,Wbscr27
Merged-chr5-134841163-1,Wbscr27
Merged-chr5-134841790-1,Wbscr27
Merged-chr5-134848954-2,Wbscr27
Merged-chr5-134856699-1,Wbscr27
Merged-chr5-134857906-1,Wbscr27
Merged-chr5-134861403-1,Wbscr27
Merged-chr5-134864761-1,Wbscr27
Merged-chr5-134865540-1,Wbscr27
Merged-chr5-134866105-1,Wbscr27
Merged-chr5-134869460-1,Wbscr27
Merged-chr5-134870247-1,Wbscr27
Merged-chr5-134872813-1,Wbscr27
Merged-chr5-134874078-1,Wbscr27
Merged-chr5-134875192-1,Wbscr27
Merged-chr5-134877955-1,Wbscr27
Merged-chr5-134878613-1,Wbscr27
Merged-chr5-134879047-7,Wbscr27
Merged-chr5-134879674-1,Wbscr27
Merged-chr5-134883055-1,Wbscr27
Merged-chr5-134883638-1,Wbscr27
Merged-chr5-134884271-1,Wbscr27
Merged-chr5-134887900-2,Wbscr27
Merged-chr5-134889822-1,Wbscr27
Merged-chr5-134890090-1,Wbscr27
Merged-chr5-134890530-1,Wbscr27
Merged-chr5-134897553-2,Wbscr27
Merged-chr5-134899316-1,Wbscr27
Merged-chr5-134901035-1,Wbscr27
Merged-chr5-134905221-1,Wbscr27
Merged-chr5-134907353-46,Wbscr27
Merged-chr5-134915170-1,Wbscr27
Merged-chr5-134918243-28,Wbscr27
Merged-chr5-134919643-1,Wbscr27
Merged-chr5-134920003-1,Wbscr27
Merged-chr5-134923610-1,Wbscr27
Merged-chr5-134924617-1,Wbscr27
Merged-chr5-134924855-1,Wbscr27
Merged-chr5-134932456-72,Wbscr27
Merged-chr5-134933473-47,Wbscr27
Merged-chr5-134938722-1,Wbscr27
Merged-chr5-134938950-1,Wbscr27
Merged-chr5-134939324-37,Wbscr27
Merged-chr5-134941495-1,Wbscr27
Merged-chr5-134942014-8,Wbscr27
Merged-chr5-134942824-1,Wbscr27
Merged-chr5-134944258-1,Wbscr27
Merged-chr5-134945765-1,Wbscr27
Merged-chr5-134946688-1,Wbscr27
Merged-chr5-134949442-1,Wbscr27
Merged-chr5-134951420-7,Wbscr27
Merged-chr5-134959144-1,Wbscr27
Merged-chr5-134960710-7,Wbscr27
Merged-chr5-134961368-1,Wbscr27
Merged-chr5-134965675-10,Wbscr27
Merged-chr5-134966503-43,Wbscr27
Merged-chr5-134967600-1,Wbscr27
Merged-chr5-134971372-1,Wbscr27
Merged-chr5-134973118-1,Wbscr27
Merged-chr5-134973822-1,Wbscr27
Merged-chr5-134977912-1,Wbscr27
Merged-chr5-134985668-2,Wbscr27
Merged-chr5-134986215-1,Wbscr27
Merged-chr5-134986693-1,Wbscr27
Merged-chr5-134992264-1,Wbscr27
Merged-chr5-134992692-1,Wbscr27
Merged-chr5-135001513-7,Wbscr27
Merged-chr5-135002297-1,Wbscr27
Merged-chr5-135007981-1,Wbscr27
Merged-chr5-135009332-110,Wbscr27
Merged-chr5-135010116-1,Wbscr27
Merged-chr5-135012927-1,Wbscr27
Merged-chr5-135013253-3,Wbscr27
Merged-chr5-135015662-35,Wbscr27
Merged-chr5-135017251-1,Wbscr27
Merged-chr5-135023431-51,Wbscr27
Merged-chr5-135023993-4,Wbscr27
Merged-chr5-135024999-69,Wbscr27
Merged-chr5-135037132-1,Wbscr27
Merged-chr5-135037651-1,Wbscr27
Merged-chr5-135038125-1,Wbscr27
Merged-chr5-135039780-1,Wbscr27
Merged-chr5-135040035-1,Wbscr27
Merged-chr5-135041644-1,Wbscr27
Merged-chr5-149518036-1,Hsph1
Merged-chr5-149524759-36,Hsph1
Merged-chr5-149525292-6,Hsph1
Merged-chr5-149526720-59,Hsph1
Merged-chr5-149531166-1,Hsph1
Merged-chr5-149533589-2,Hsph1
Merged-chr5-149538252-1,Hsph1
Merged-chr5-149538674-1,Hsph1
Merged-chr5-149541170-1,Hsph1
Merged-chr5-149543167-1,Hsph1
Merged-chr5-149544788-1,Hsph1
Merged-chr5-149551336-8,Hsph1
Merged-chr5-149552990-8,Hsph1
Merged-chr5-149554502-1,Hsph1
Merged-chr5-149560988-1,Hsph1
Merged-chr5-149565327-1,Hsph1
Merged-chr5-149567035-1,Hsph1
Merged-chr5-149570269-1,Hsph1
Merged-chr5-149574651-3,Hsph1
Merged-chr5-149583039-1,Hsph1
Merged-chr5-149583702-15,Hsph1
Merged-chr5-149584687-1,Hsph1
Merged-chr5-149586190-42,Hsph1
Merged-chr5-149587098-1,Hsph1
Merged-chr5-149587673-1,Hsph1
Merged-chr5-149594353-40,Hsph1
Merged-chr5-149599460-42,Hsph1
Merged-chr5-149604982-30,Hsph1
Merged-chr5-149606372-1,Hsph1
Merged-chr5-149606609-16,Hsph1
Merged-chr5-149607275-1,Hsph1
Merged-chr5-149613910-1,Hsph1
Merged-chr5-149615322-1,Hsph1
Merged-chr5-149616082-1,Hsph1
Merged-chr5-149616991-5,Hsph1
Merged-chr5-149617946-2,Hsph1
Merged-chr5-149619340-1,Hsph1
Merged-chr5-149619600-1,Hsph1
Merged-chr5-149622097-1,Hsph1
Merged-chr5-149623255-1,Hsph1
Merged-chr5-149624249-4,Hsph1
Merged-chr5-149627005-2,Hsph1
Merged-chr5-149636515-122,Hsph1
Merged-chr5-149641762-5,Hsph1
Merged-chr5-149642472-3,Hsph1
Merged-chr5-149647690-6,Hsph1
Merged-chr5-149653774-1,Hsph1
Merged-chr5-149656239-1,Hsph1
Merged-chr5-149658262-2,Hsph1
Merged-chr5-149661697-2,Hsph1
Merged-chr5-149663805-2,Hsph1
Merged-chr5-149664320-1,Hsph1
Merged-chr5-149666497-1,Hsph1
Merged-chr5-149667569-1,Hsph1
Merged-chr5-149669773-12,Hsph1
Merged-chr5-149671286-3,Hsph1
Merged-chr5-149672633-1,Hsph1
Merged-chr5-149678450-91,Hsph1
Merged-chr5-149683633-1,Hsph1
Merged-chr5-149686083-1,Hsph1
Merged-chr5-149689846-1,Hsph1
Merged-chr5-149690809-4,Hsph1
Merged-chr5-149693462-1,Hsph1
Merged-chr5-149697261-2,Hsph1
Merged-chr5-149702050-1,Hsph1
Merged-chr5-149702969-2,Hsph1
Merged-chr5-149705286-2,Hsph1
Merged-chr5-149711702-2,Hsph1
Merged-chr5-149713387-7,Hsph1
Merged-chr5-149720443-1,Hsph1
Merged-chr5-149725017-1,Hsph1
Merged-chr5-149729128-1,Hsph1
Merged-chr5-149731053-1,Hsph1
Merged-chr5-149734366-1,Hsph1
Merged-chr6-124625527-1,Ptpn6
Merged-chr6-124631443-2,Ptpn6
Merged-chr6-124637333-4,Ptpn6
Merged-chr6-124638592-1,Ptpn6
Merged-chr6-124641225-13,Ptpn6
Merged-chr6-124643572-1,Ptpn6
Merged-chr6-124654473-1,Ptpn6
Merged-chr6-124656413-1,Ptpn6
Merged-chr6-124662560-2,Ptpn6
Merged-chr6-124662972-64,Ptpn6
Merged-chr6-124665181-1,Ptpn6
Merged-chr6-124671075-1,Ptpn6
Merged-chr6-124671930-2,Ptpn6
Merged-chr6-124676596-1,Ptpn6
Merged-chr6-124683845-17,Ptpn6
Merged-chr6-124688247-1,Ptpn6
Merged-chr6-124688484-2,Ptpn6
Merged-chr6-124688918-1,Ptpn6
Merged-chr6-124692523-2,Ptpn6
Merged-chr6-124693429-1,Ptpn6
Merged-chr6-124694388-34,Ptpn6
Merged-chr6-124696742-1,Ptpn6
Merged-chr6-124699823-1,Ptpn6
Merged-chr6-124702918-45,Ptpn6
Merged-chr6-124704845-1,Ptpn6
Merged-chr6-124712199-62,Ptpn6
Merged-chr6-124717039-5,Ptpn6
Merged-chr6-124717600-1,Ptpn6
Merged-chr6-124721115-14,Ptpn6
Merged-chr6-124723527-72,Ptpn6
Merged-chr6-124724095-1,Ptpn6
Merged-chr6-124724477-2,Ptpn6
Merged-chr6-124727654-1,Ptpn6
Merged-chr6-124729410-2,Ptpn6
Merged-chr6-124730103-44,Ptpn6
Merged-chr6-124730864-1,Ptpn6
Merged-chr6-124731912-1,Ptpn6
Merged-chr6-124732137-1,Ptpn6
Merged-chr6-124732446-2,Ptpn6
Merged-chr6-124733145-59,Ptpn6
Merged-chr6-124733747-1,Ptpn6
Merged-chr6-124738868-12,Ptpn6
Merged-chr6-124740411-8,Ptpn6
Merged-chr6-124741202-66,Ptpn6
Merged-chr6-124742007-1,Ptpn6
Merged-chr6-124745648-56,Ptpn6
Merged-chr6-124746125-5,Ptpn6
Merged-chr6-124746763-1,Ptpn6
Merged-chr6-124747619-1,Ptpn6
Merged-chr6-124750625-25,Ptpn6
Merged-chr6-124756409-67,Ptpn6
Merged-chr6-124757904-1,Ptpn6
Merged-chr6-124758966-1,Ptpn6
Merged-chr6-124759523-40,Ptpn6
Merged-chr6-124768542-9,Ptpn6
Merged-chr6-124769525-46,Ptpn6
Merged-chr6-124779772-55,Ptpn6
Merged-chr6-124782701-26,Ptpn6
Merged-chr6-124786082-1,Ptpn6
Merged-chr6-124786915-1,Ptpn6
Merged-chr6-124787230-1,Ptpn6
Merged-chr6-124790859-1,Ptpn6
Merged-chr6-124796265-1,Ptpn6
Merged-chr6-124796778-1,Ptpn6
Merged-chr6-124802791-1,Ptpn6
Merged-chr6-124803259-1,Ptpn6
Merged-chr6-124805877-61,Ptpn6
Merged-chr6-124808975-3,Ptpn6
Merged-chr6-124809586-6,Ptpn6
Merged-chr6-124812312-1,Ptpn6
Merged-chr6-124813638-41,Ptpn6
Merged-chr6-124814212-53,Ptpn6
Merged-chr6-124819800-1,Ptpn6
Merged-chr6-124829307-124,Ptpn6
Merged-chr6-124830106-57,Ptpn6
Merged-chr6-124836475-1,Ptpn6
Merged-chr6-124837324-2,Ptpn6
Merged-chr6-124838056-1,Ptpn6
Merged-chr7-29156569-1,Spint2
Merged-chr7-29162971-40,Spint2
Merged-chr7-29170152-24,Spint2
Merged-chr7-29171269-8,Spint2
Merged-chr7-29171716-1,Spint2
Merged-chr7-29172204-1,Spint2
Merged-chr7-29179510-9,Spint2
Merged-chr7-29180610-60,Spint2
Merged-chr7-29202773-1,Spint2
Merged-chr7-29211574-63,Spint2
Merged-chr7-29214419-1,Spint2
Merged-chr7-29217641-1,Spint2
Merged-chr7-29227133-1,Spint2
Merged-chr7-29227947-2,Spint2
Merged-chr7-29232109-1,Spint2
Merged-chr7-29232495-14,Spint2
Merged-chr7-29235260-1,Spint2
Merged-chr7-29238276-60,Spint2
Merged-chr7-29244930-7,Spint2
Merged-chr7-29245820-1,Spint2
Merged-chr7-29247234-1,Spint2
Merged-chr7-29247581-7,Spint2
Merged-chr7-29247973-1,Spint2
Merged-chr7-29248678-5,Spint2
Merged-chr7-29251355-17,Spint2
Merged-chr7-29255004-1,Spint2
Merged-chr7-29257511-1,Spint2
Merged-chr7-29257878-1,Spint2
Merged-chr7-29259643-1,Spint2
Merged-chr7-29259936-1,Spint2
Merged-chr7-29260259-6,Spint2
Merged-chr7-29260606-1,Spint2
Merged-chr7-29263312-1,Spint2
Merged-chr7-29263685-1,Spint2
Merged-chr7-29266411-1,Spint2
Merged-chr7-29276453-1,Spint2
Merged-chr7-29280569-2,Spint2
Merged-chr7-29281638-56,Spint2
Merged-chr7-29283443-1,Spint2
Merged-chr7-29287380-1,Spint2
Merged-chr7-29287691-1,Spint2
Merged-chr7-29289115-41,Spint2
Merged-chr7-29289872-1,Spint2
Merged-chr7-29291445-1,Spint2
Merged-chr7-29292911-1,Spint2
Merged-chr7-29296575-1,Spint2
Merged-chr7-29297242-25,Spint2
Merged-chr7-29301320-3,Spint2
Merged-chr7-29303879-45,Spint2
Merged-chr7-29305901-1,Spint2
Merged-chr7-29306787-1,Spint2
Merged-chr7-29307939-48,Spint2
Merged-chr7-29309530-4,Spint2
Merged-chr7-29315191-1,Spint2
Merged-chr7-29319374-1,Spint2
Merged-chr7-29319669-1,Spint2
Merged-chr7-29322754-1,Spint2
Merged-chr7-29324884-1,Spint2
Merged-chr7-29329923-1,Spint2
Merged-chr7-29330754-1,Spint2
Merged-chr7-29332591-2,Spint2
Merged-chr7-29335569-1,Spint2
Merged-chr7-29348772-1,Spint2
Merged-chr7-29354021-1,Spint2
Merged-chr7-29363023-1,Spint2
Merged-chr7-29363444-1,Spint2
Merged-chr7-29364243-1,Spint2
Merged-chr7-29368131-1,Spint2
Merged-chr7-29372874-1,Spint2
Merged-chr7-74187063-2,Slco3a1
Merged-chr7-74216191-1,Slco3a1
Merged-chr7-74219887-1,Slco3a1
Merged-chr7-74240651-1,Slco3a1
Merged-chr7-74244440-1,Slco3a1
Merged-chr7-74249306-1,Slco3a1
Merged-chr7-74252302-1,Slco3a1
Merged-chr7-74255693-1,Slco3a1
Merged-chr7-74258663-1,Slco3a1
Merged-chr7-74262304-1,Slco3a1
Merged-chr7-74268972-1,Slco3a1
Merged-chr7-74270236-1,Slco3a1
Merged-chr7-74270676-1,Slco3a1
Merged-chr7-74282858-1,Slco3a1
Merged-chr7-74285478-1,Slco3a1
Merged-chr7-74286276-1,Slco3a1
Merged-chr7-74290714-1,Slco3a1
Merged-chr7-74291428-1,Slco3a1
Merged-chr7-74291663-2,Slco3a1
Merged-chr7-74296273-4,Slco3a1
Merged-chr7-74297596-1,Slco3a1
Merged-chr7-74299887-1,Slco3a1
Merged-chr7-74301513-1,Slco3a1
Merged-chr7-74306328-1,Slco3a1
Merged-chr7-74311985-1,Slco3a1
Merged-chr7-74315559-1,Slco3a1
Merged-chr7-74316032-2,Slco3a1
Merged-chr7-74318924-1,Slco3a1
Merged-chr7-74323383-4,Slco3a1
Merged-chr7-74323871-1,Slco3a1
Merged-chr7-74327911-6,Slco3a1
Merged-chr7-74329210-11,Slco3a1
Merged-chr7-74336425-1,Slco3a1
Merged-chr7-74338368-2,Slco3a1
Merged-chr7-74340279-1,Slco3a1
Merged-chr7-74340788-16,Slco3a1
Merged-chr7-74341519-16,Slco3a1
Merged-chr7-74343331-1,Slco3a1
Merged-chr7-74343740-9,Slco3a1
Merged-chr7-74345256-1,Slco3a1
Merged-chr7-74348102-1,Slco3a1
Merged-chr7-74349437-1,Slco3a1
Merged-chr7-74350903-1,Slco3a1
Merged-chr7-74351593-1,Slco3a1
Merged-chr7-74353099-1,Slco3a1
Merged-chr7-74353700-1,Slco3a1
Merged-chr7-74354719-2,Slco3a1
Merged-chr7-74357271-1,Slco3a1
Merged-chr7-74361252-1,Slco3a1
Merged-chr7-74363705-2,Slco3a1
Merged-chr7-74366510-1,Slco3a1
Merged-chr7-74369835-4,Slco3a1
Merged-chr7-74371390-6,Slco3a1
Merged-chr7-74373202-1,Slco3a1
Merged-chr7-74376727-1,Slco3a1
Merged-chr7-74379750-1,Slco3a1
Merged-chr7-74381447-1,Slco3a1
Merged-chr7-74382459-2,Slco3a1
Merged-chr7-74384936-1,Slco3a1
Merged-chr7-74388120-1,Slco3a1
Merged-chr7-74393174-4,Slco3a1
Merged-chr7-74398447-2,Slco3a1
Merged-chr7-74406259-1,Slco3a1
Merged-chr7-74409483-1,Slco3a1
Merged-chr7-74411616-1,Slco3a1
Merged-chr7-74411988-1,Slco3a1
Merged-chr7-74415258-1,Slco3a1
Merged-chr7-74419419-1,Slco3a1
Merged-chr7-74424704-5,Slco3a1
Merged-chr7-74426264-1,Slco3a1
Merged-chr7-74426963-1,Slco3a1
Merged-chr7-74427240-5,Slco3a1
Merged-chr7-74428456-1,Slco3a1
Merged-chr7-74429328-1,Slco3a1
Merged-chr7-74430260-1,Slco3a1
Merged-chr7-74433578-1,Slco3a1
Merged-chr7-74439638-1,Slco3a1
Merged-chr7-74442344-5,Slco3a1
Merged-chr7-74443300-2,Slco3a1
Merged-chr7-74445144-1,Slco3a1
Merged-chr7-74445427-1,Slco3a1
Merged-chr7-74445830-1,Slco3a1
Merged-chr7-74450023-5,Slco3a1
Merged-chr7-74452243-1,Slco3a1
Merged-chr7-74452823-1,Slco3a1
Merged-chr7-74454584-1,Slco3a1
Merged-chr7-74459424-5,Slco3a1
Merged-chr7-74461477-1,Slco3a1
Merged-chr7-74466793-1,Slco3a1
Merged-chr7-74475327-13,Slco3a1
Merged-chr7-74479431-1,Slco3a1
Merged-chr7-74482804-1,Slco3a1
Merged-chr7-74483724-1,Slco3a1
Merged-chr7-74484214-1,Slco3a1
Merged-chr7-74484668-1,Slco3a1
Merged-chr7-74486322-10,Slco3a1
Merged-chr7-74490574-1,Slco3a1
Merged-chr7-74495684-52,Slco3a1
Merged-chr7-74496972-2,Slco3a1
Merged-chr7-74497367-13,Slco3a1
Merged-chr7-74506276-1,Slco3a1
Merged-chr7-74507898-1,Slco3a1
Merged-chr7-74508251-1,Slco3a1
Merged-chr7-74508903-1,Slco3a1
Merged-chr7-74509416-1,Slco3a1
Merged-chr7-74509778-1,Slco3a1
Merged-chr7-74510468-2,Slco3a1
Merged-chr7-74511160-1,Slco3a1
Merged-chr7-74513992-1,Slco3a1
Merged-chr7-74515505-1,Slco3a1
Merged-chr7-74518113-1,Slco3a1
Merged-chr7-74519574-1,Slco3a1
Merged-chr7-74522617-1,Slco3a1
Merged-chr7-74523975-1,Slco3a1
Merged-chr7-74524488-1,Slco3a1
Merged-chr7-74527850-9,Slco3a1
Merged-chr7-74528375-1,Slco3a1
Merged-chr7-74529454-25,Slco3a1
Merged-chr7-74530046-32,Slco3a1
Merged-chr7-74531802-10,Slco3a1
Merged-chr7-74534619-1,Slco3a1
Merged-chr7-74541111-1,Slco3a1
Merged-chr7-74541540-1,Slco3a1
Merged-chr7-74543688-1,Slco3a1
Merged-chr7-74544546-40,Slco3a1
Merged-chr7-74545701-1,Slco3a1
Merged-chr7-74551479-2,Slco3a1
Merged-chr7-74552212-38,Slco3a1
Merged-chr7-74554248-9,Slco3a1
Merged-chr7-74554957-97,Slco3a1
Merged-chr7-74555632-1,Slco3a1
Merged-chr7-74556222-1,Slco3a1
Merged-chr7-74556959-1,Slco3a1
Merged-chr7-74567005-1,Slco3a1
Merged-chr7-74571971-1,Slco3a1
Merged-chr7-74573412-1,Slco3a1
Merged-chr7-74576691-1,Slco3a1
Merged-chr7-74579065-1,Slco3a1
Merged-chr7-74580424-1,Slco3a1
Merged-chr7-74582294-1,Slco3a1
Merged-chr7-74587696-50,Slco3a1
Merged-chr7-74590298-1,Slco3a1
Merged-chr7-74600020-19,Slco3a1
Merged-chr7-74601175-1,Slco3a1
Merged-chr7-74608589-1,Slco3a1
Merged-chr7-74617450-1,Slco3a1
Merged-chr7-74622245-2,Slco3a1
Merged-chr7-74634555-1,Slco3a1
Merged-chr7-74643972-1,Slco3a1
Merged-chr7-74645853-1,Slco3a1
Merged-chr7-74646293-7,Slco3a1
Merged-chr7-74646625-1,Slco3a1
Merged-chr7-74647489-2,Slco3a1
Merged-chr7-110122634-25,Swap70
Merged-chr7-110128771-6,Swap70
Merged-chr7-110133918-1,Swap70
Merged-chr7-110142381-1,Swap70
Merged-chr7-110149538-1,Swap70
Merged-chr7-110152061-1,Swap70
Merged-chr7-110152695-3,Swap70
Merged-chr7-110153320-1,Swap70
Merged-chr7-110155011-1,Swap70
Merged-chr7-110155899-1,Swap70
Merged-chr7-110157488-14,Swap70
Merged-chr7-110158880-1,Swap70
Merged-chr7-110159751-1,Swap70
Merged-chr7-110161516-1,Swap70
Merged-chr7-110164321-54,Swap70
Merged-chr7-110164965-59,Swap70
Merged-chr7-110166391-5,Swap70
Merged-chr7-110181702-1,Swap70
Merged-chr7-110185616-6,Swap70
Merged-chr7-110186159-1,Swap70
Merged-chr7-110186620-1,Swap70
Merged-chr7-110188229-1,Swap70
Merged-chr7-110188784-1,Swap70
Merged-chr7-110190217-1,Swap70
Merged-chr7-110195610-1,Swap70
Merged-chr7-110197174-1,Swap70
Merged-chr7-110197436-1,Swap70
Merged-chr7-110203770-16,Swap70
Merged-chr7-110204385-18,Swap70
Merged-chr7-110210224-1,Swap70
Merged-chr7-110212095-1,Swap70
Merged-chr7-110212332-1,Swap70
Merged-chr7-110212635-3,Swap70
Merged-chr7-110213841-1,Swap70
Merged-chr7-110214419-1,Swap70
Merged-chr7-110219636-1,Swap70
Merged-chr7-110221238-10,Swap70
Merged-chr7-110221826-65,Swap70
Merged-chr7-110222918-2,Swap70
Merged-chr7-110230175-8,Swap70
Merged-chr7-110231309-6,Swap70
Merged-chr7-110235249-1,Swap70
Merged-chr7-110237722-31,Swap70
Merged-chr7-110239792-1,Swap70
Merged-chr7-110242225-9,Swap70
Merged-chr7-110242709-1,Swap70
Merged-chr7-110243352-6,Swap70
Merged-chr7-110244110-1,Swap70
Merged-chr7-110244320-1,Swap70
Merged-chr7-110249025-1,Swap70
Merged-chr7-110253352-2,Swap70
Merged-chr7-110254050-12,Swap70
Merged-chr7-110257834-1,Swap70
Merged-chr7-110258051-1,Swap70
Merged-chr7-110259502-13,Swap70
Merged-chr7-110259879-1,Swap70
Merged-chr7-110266006-41,Swap70
Merged-chr7-110267225-1,Swap70
Merged-chr7-110268862-1,Swap70
Merged-chr7-110270677-31,Swap70
Merged-chr7-110272621-1,Swap70
Merged-chr7-110275849-1,Swap70
Merged-chr7-110276726-12,Swap70
Merged-chr7-110281428-1,Swap70
Merged-chr7-110283042-9,Swap70
Merged-chr7-110284054-1,Swap70
Merged-chr7-110284443-1,Swap70
Merged-chr7-110284956-1,Swap70
Merged-chr7-110286413-7,Swap70
Merged-chr7-110287046-28,Swap70
Merged-chr7-110287484-1,Swap70
Merged-chr7-110288349-2,Swap70
Merged-chr7-110292662-1,Swap70
Merged-chr7-110295772-2,Swap70
Merged-chr7-110298925-1,Swap70
Merged-chr7-110300639-1,Swap70
Merged-chr7-110301302-1,Swap70
Merged-chr7-110307902-1,Swap70
Merged-chr7-110309845-1,Swap70
Merged-chr7-110310259-1,Swap70
Merged-chr7-110312730-1,Swap70
Merged-chr7-110313611-1,Swap70
Merged-chr7-110319147-1,Swap70
Merged-chr7-110320264-1,Swap70
Merged-chr7-110322975-1,Swap70
Merged-chr7-110327774-1,Swap70
Merged-chr7-110328072-1,Swap70
Merged-chr7-110328280-1,Swap70
Merged-chr7-110328800-1,Swap70
Merged-chr7-110329287-1,Swap70
Merged-chr7-110332102-1,Swap70
Merged-chr7-110336797-1,Swap70
Merged-chr7-110337755-1,Swap70
Merged-chr7-110354194-10,Swap70
Merged-chr7-110362035-1,Swap70
Merged-chr7-110367917-1,Swap70
Merged-chr7-110373589-1,Swap70
Merged-chr7-110375576-1,Swap70
Merged-chr7-110376263-2,Swap70
Merged-chr7-110381822-4,Swap70
Merged-chr8-71454793-1,Tmem221
Merged-chr8-71455272-1,Tmem221
Merged-chr8-71456477-1,Tmem221
Merged-chr8-71457026-3,Tmem221
Merged-chr8-71457332-1,Tmem221
Merged-chr8-71462920-60,Tmem221
Merged-chr8-71463701-53,Tmem221
Merged-chr8-71464796-59,Tmem221
Merged-chr8-71469107-61,Tmem221
Merged-chr8-71469571-3,Tmem221
Merged-chr8-71471003-1,Tmem221
Merged-chr8-71476587-49,Tmem221
Merged-chr8-71477715-10,Tmem221
Merged-chr8-71486004-45,Tmem221
Merged-chr8-71487835-11,Tmem221
Merged-chr8-71488656-55,Tmem221
Merged-chr8-71489915-1,Tmem221
Merged-chr8-71492276-1,Tmem221
Merged-chr8-71495131-18,Tmem221
Merged-chr8-71495477-1,Tmem221
Merged-chr8-71496147-1,Tmem221
Merged-chr8-71498123-1,Tmem221
Merged-chr8-71507684-2,Tmem221
Merged-chr8-71509052-1,Tmem221
Merged-chr8-71511219-1,Tmem221
Merged-chr8-71513237-1,Tmem221
Merged-chr8-71519256-12,Tmem221
Merged-chr8-71521005-1,Tmem221
Merged-chr8-71521486-1,Tmem221
Merged-chr8-71521837-46,Tmem221
Merged-chr8-71522242-1,Tmem221
Merged-chr8-71522507-1,Tmem221
Merged-chr8-71522789-1,Tmem221
Merged-chr8-71528877-40,Tmem221
Merged-chr8-71531205-2,Tmem221
Merged-chr8-71534548-1,Tmem221
Merged-chr8-71535834-4,Tmem221
Merged-chr8-71537457-58,Tmem221
Merged-chr8-71542809-61,Tmem221
Merged-chr8-71557898-1,Tmem221
Merged-chr8-71558342-31,Tmem221
Merged-chr8-71559118-48,Tmem221
Merged-chr8-71561595-21,Tmem221
Merged-chr8-71562981-21,Tmem221
Merged-chr8-71569568-1,Tmem221
Merged-chr8-71570440-90,Tmem221
Merged-chr8-71580196-1,Tmem221
Merged-chr8-71581423-1,Tmem221
Merged-chr8-71587137-38,Tmem221
Merged-chr8-71592074-76,Tmem221
Merged-chr8-71596091-35,Tmem221
Merged-chr8-71596999-6,Tmem221
Merged-chr8-71602313-25,Tmem221
Merged-chr8-71603657-1,Tmem221
Merged-chr8-71604161-3,Tmem221
Merged-chr8-71611090-61,Tmem221
Merged-chr8-71611607-1,Tmem221
Merged-chr8-71618298-1,Tmem221
Merged-chr8-71629409-57,Tmem221
Merged-chr8-71630050-3,Tmem221
Merged-chr8-71631431-1,Tmem221
Merged-chr8-71633363-2,Tmem221
Merged-chr8-71634162-1,Tmem221
Merged-chr8-71634479-25,Tmem221
Merged-chr8-71639172-1,Tmem221
Merged-chr8-71639909-1,Tmem221
Merged-chr8-71642191-1,Tmem221
Merged-chr8-71645789-1,Tmem221
Merged-chr8-71653701-1,Tmem221
Merged-chr8-71654081-1,Tmem221
Merged-chr8-71654313-1,Tmem221
Merged-chr8-71654797-14,Tmem221
Merged-chr8-82232051-1,Il15
Merged-chr8-82232588-1,Il15
Merged-chr8-82250266-1,Il15
Merged-chr8-82252501-1,Il15
Merged-chr8-82252762-1,Il15
Merged-chr8-82257305-1,Il15
Merged-chr8-82261527-1,Il15
Merged-chr8-82275775-1,Il15
Merged-chr8-82282834-1,Il15
Merged-chr8-82283944-1,Il15
Merged-chr8-82302113-1,Il15
Merged-chr8-82306107-1,Il15
Merged-chr8-82318863-1,Il15
Merged-chr8-82328111-1,Il15
Merged-chr8-82342859-1,Il15
Merged-chr8-82345340-1,Il15
Merged-chr8-82348557-1,Il15
Merged-chr8-82351509-22,Il15
Merged-chr8-82353331-1,Il15
Merged-chr8-82354551-1,Il15
Merged-chr8-82358412-1,Il15
Merged-chr8-82359906-1,Il15
Merged-chr8-82370863-1,Il15
Merged-chr8-82374688-1,Il15
Merged-chr8-82380450-1,Il15
Merged-chr8-82382483-1,Il15
Merged-chr8-82383450-9,Il15
Merged-chr8-82383938-1,Il15
Merged-chr8-82385107-1,Il15
Merged-chr8-82392876-1,Il15
Merged-chr8-82395380-1,Il15
Merged-chr8-82398727-2,Il15
Merged-chr8-82400047-1,Il15
Merged-chr8-82400543-2,Il15
Merged-chr8-82402900-44,Il15
Merged-chr8-82413580-1,Il15
Merged-chr8-82421077-1,Il15
Merged-chr8-82428636-1,Il15
Merged-chr8-82435333-1,Il15
Merged-chr8-82445614-1,Il15
Merged-chr8-82455407-1,Il15
Merged-chr8-82457254-2,Il15
Merged-chr8-82465333-1,Il15
Merged-chr8-82466750-1,Il15
Merged-chr8-82491604-1,Il15
Merged-chr8-82494277-1,Il15
Merged-chr9-40710291-2,Hspa8
Merged-chr9-40730840-2,Hspa8
Merged-chr9-40733499-1,Hspa8
Merged-chr9-40741265-1,Hspa8
Merged-chr9-40743865-18,Hspa8
Merged-chr9-40744526-17,Hspa8
Merged-chr9-40744888-1,Hspa8
Merged-chr9-40745339-1,Hspa8
Merged-chr9-40745540-1,Hspa8
Merged-chr9-40747071-1,Hspa8
Merged-chr9-40750425-4,Hspa8
Merged-chr9-40751969-1,Hspa8
Merged-chr9-40752801-1,Hspa8
Merged-chr9-40756538-29,Hspa8
Merged-chr9-40757473-1,Hspa8
Merged-chr9-40757936-55,Hspa8
Merged-chr9-40764646-2,Hspa8
Merged-chr9-40765083-8,Hspa8
Merged-chr9-40765715-2,Hspa8
Merged-chr9-40766000-1,Hspa8
Merged-chr9-40782134-42,Hspa8
Merged-chr9-40784213-3,Hspa8
Merged-chr9-40792409-2,Hspa8
Merged-chr9-40795134-1,Hspa8
Merged-chr9-40800096-2,Hspa8
Merged-chr9-40801067-90,Hspa8
Merged-chr9-40802130-1,Hspa8
Merged-chr9-40805471-2,Hspa8
Merged-chr9-40806904-11,Hspa8
Merged-chr9-40807439-2,Hspa8
Merged-chr9-40807755-3,Hspa8
Merged-chr9-40809714-1,Hspa8
Merged-chr9-40810026-1,Hspa8
Merged-chr9-40814220-37,Hspa8
Merged-chr9-40817839-1,Hspa8
Merged-chr9-40823342-1,Hspa8
Merged-chr9-40834759-11,Hspa8
Merged-chr9-40839097-1,Hspa8
Merged-chr9-40840313-1,Hspa8
Merged-chr9-40848638-1,Hspa8
Merged-chr9-40861353-1,Hspa8
Merged-chr9-40867355-1,Hspa8
Merged-chr9-40872203-13,Hspa8
Merged-chr9-40874357-1,Hspa8
Merged-chr9-40877884-1,Hspa8
Merged-chr9-40891332-2,Hspa8
Merged-chr9-88227714-1,Nt5e
Merged-chr9-88232106-2,Nt5e
Merged-chr9-88232672-1,Nt5e
Merged-chr9-88234766-1,Nt5e
Merged-chr9-88239756-1,Nt5e
Merged-chr9-88240827-2,Nt5e
Merged-chr9-88241755-60,Nt5e
Merged-chr9-88242653-1,Nt5e
Merged-chr9-88256154-2,Nt5e
Merged-chr9-88259652-1,Nt5e
Merged-chr9-88260928-1,Nt5e
Merged-chr9-88262814-1,Nt5e
Merged-chr9-88268270-1,Nt5e
Merged-chr9-88270472-1,Nt5e
Merged-chr9-88273488-42,Nt5e
Merged-chr9-88275000-1,Nt5e
Merged-chr9-88276393-2,Nt5e
Merged-chr9-88279330-1,Nt5e
Merged-chr9-88282392-1,Nt5e
Merged-chr9-88287239-1,Nt5e
Merged-chr9-88290057-6,Nt5e
Merged-chr9-88293064-1,Nt5e
Merged-chr9-88294984-1,Nt5e
Merged-chr9-88295961-2,Nt5e
Merged-chr9-88297000-1,Nt5e
Merged-chr9-88298045-14,Nt5e
Merged-chr9-88298367-1,Nt5e
Merged-chr9-88308153-1,Nt5e
Merged-chr9-88308494-1,Nt5e
Merged-chr9-88308802-1,Nt5e
Merged-chr9-88309320-5,Nt5e
Merged-chr9-88327635-47,Nt5e
Merged-chr9-88329409-59,Nt5e
Merged-chr9-88330007-1,Nt5e
Merged-chr9-88331002-1,Nt5e
Merged-chr9-88331232-1,Nt5e
Merged-chr9-88332709-4,Nt5e
Merged-chr9-88334866-1,Nt5e
Merged-chr9-88337368-1,Nt5e
Merged-chr9-88341374-1,Nt5e
Merged-chr9-88342789-1,Nt5e
Merged-chr9-88346981-12,Nt5e
Merged-chr9-88347314-1,Nt5e
Merged-chr9-88347641-2,Nt5e
Merged-chr9-88349331-1,Nt5e
Merged-chr9-88350557-1,Nt5e
Merged-chr9-88351059-1,Nt5e
Merged-chr9-88351397-1,Nt5e
Merged-chr9-88351941-1,Nt5e
Merged-chr9-88356705-8,Nt5e
Merged-chr9-88357306-44,Nt5e
Merged-chr9-88357916-4,Nt5e
Merged-chr9-88358588-1,Nt5e
Merged-chr9-88359770-1,Nt5e
Merged-chr9-88361852-2,Nt5e
Merged-chr9-88362322-34,Nt5e
Merged-chr9-88363024-1,Nt5e
Merged-chr9-88363808-2,Nt5e
Merged-chr9-88364277-1,Nt5e
Merged-chr9-88366472-29,Nt5e
Merged-chr9-88367293-1,Nt5e
Merged-chr9-88372967-1,Nt5e
Merged-chr9-88377458-1,Nt5e
Merged-chr9-88380254-59,Nt5e
Merged-chr9-88389027-1,Nt5e
Merged-chr9-88390429-1,Nt5e
Merged-chr9-88395706-1,Nt5e
Merged-chr9-88397190-1,Nt5e
Merged-chr9-88397555-1,Nt5e
Merged-chr9-88398665-5,Nt5e
Merged-chr9-88404299-22,Nt5e
Merged-chr9-88412809-1,Nt5e
Merged-chr9-88417093-1,Nt5e
Merged-chr9-88422599-2,Nt5e
Merged-chr9-88423346-1,Nt5e
Merged-chr9-88425151-8,Nt5e
Merged-chr9-88426342-2,Nt5e
Merged-chr9-88426930-1,Nt5e
Merged-chr9-88428262-1,Nt5e
Merged-chr9-88431484-1,Nt5e
Merged-chr9-88432074-1,Nt5e
Merged-chr9-88438205-1,Nt5e
Merged-chr9-88438924-74,Nt5e
Merged-chr9-88443355-1,Nt5e
Merged-chr9-88444872-1,Nt5e
Merged-chr9-88448856-1,Nt5e
Merged-chr9-88450432-1,Nt5e
Merged-chr9-88452916-1,Nt5e
Merged-chr9-88453432-1,Nt5e
Merged-chr9-88459541-1,Nt5e
Merged-chr9-88462779-6,Nt5e
Merged-chr9-88465510-1,Nt5e
Merged-chr9-88467626-1,Nt5e
Merged-chr9-88470435-1,Nt5e
Merged-chr9-124011897-1,Ccr2
Merged-chr9-124015640-1,Ccr2
Merged-chr9-124019332-2,Ccr2
Merged-chr9-124021444-2,Ccr2
Merged-chr9-124023213-1,Ccr2
Merged-chr9-124028718-18,Ccr2
Merged-chr9-124030855-11,Ccr2
Merged-chr9-124031344-1,Ccr2
Merged-chr9-124033618-3,Ccr2
Merged-chr9-124037915-1,Ccr2
Merged-chr9-124039166-37,Ccr2
Merged-chr9-124041130-11,Ccr2
Merged-chr9-124044180-4,Ccr2
Merged-chr9-124056191-1,Ccr2
Merged-chr9-124057749-1,Ccr2
Merged-chr9-124065577-1,Ccr2
Merged-chr9-124066097-1,Ccr2
Merged-chr9-124067891-26,Ccr2
Merged-chr9-124068578-50,Ccr2
Merged-chr9-124076210-1,Ccr2
Merged-chr9-124079968-20,Ccr2
Merged-chr9-124081744-1,Ccr2
Merged-chr9-124099286-13,Ccr2
Merged-chr9-124100661-35,Ccr2
Merged-chr9-124103469-27,Ccr2
Merged-chr9-124107440-1,Ccr2
Merged-chr9-124108601-3,Ccr2
Merged-chr9-124114929-29,Ccr2
Merged-chr9-124118703-10,Ccr2
Merged-chr9-124121606-52,Ccr2
Merged-chr9-124122588-1,Ccr2
Merged-chr9-124125643-1,Ccr2
Merged-chr9-124126604-12,Ccr2
Merged-chr9-124127427-1,Ccr2
Merged-chr9-124127847-1,Ccr2
Merged-chr9-124128562-16,Ccr2
Merged-chr9-124132018-3,Ccr2
Merged-chr9-124133107-6,Ccr2
Merged-chr9-124139771-1,Ccr2
Merged-chr9-124143329-1,Ccr2
Merged-chr9-124143875-1,Ccr2
Merged-chr9-124146454-49,Ccr2
Merged-chr11-88094977-1,Mrps23
Merged-chr11-88097527-1,Mrps23
Merged-chr11-88099230-40,Mrps23
Merged-chr11-88099914-4,Mrps23
Merged-chr11-88100570-1,Mrps23
Merged-chr11-88103463-13,Mrps23
Merged-chr11-88106007-2,Mrps23
Merged-chr11-88107614-37,Mrps23
Merged-chr11-88109121-1,Mrps23
Merged-chr11-88110526-1,Mrps23
Merged-chr11-88113044-1,Mrps23
Merged-chr11-88115228-10,Mrps23
Merged-chr11-88116460-1,Mrps23
Merged-chr11-88121645-1,Mrps23
Merged-chr11-88130098-1,Mrps23
Merged-chr11-88132093-43,Mrps23
Merged-chr11-88133405-1,Mrps23
Merged-chr11-88137763-1,Mrps23
Merged-chr11-88138326-1,Mrps23
Merged-chr11-88139382-1,Mrps23
Merged-chr11-88140275-2,Mrps23
Merged-chr11-88140949-1,Mrps23
Merged-chr11-88142061-1,Mrps23
Merged-chr11-88144242-1,Mrps23
Merged-chr11-88145405-29,Mrps23
Merged-chr11-88145916-1,Mrps23
Merged-chr11-88151965-1,Mrps23
Merged-chr11-88156151-1,Mrps23
Merged-chr11-88160743-1,Mrps23
Merged-chr11-88161915-35,Mrps23
Merged-chr11-88164561-8,Mrps23
Merged-chr11-88168877-1,Mrps23
Merged-chr11-88173959-1,Mrps23
Merged-chr11-88180524-2,Mrps23
Merged-chr11-88182490-2,Mrps23
Merged-chr11-88187831-50,Mrps23
Merged-chr11-88190064-1,Mrps23
Merged-chr11-88192794-7,Mrps23
Merged-chr11-88194487-33,Mrps23
Merged-chr11-88195052-1,Mrps23
Merged-chr11-88196943-1,Mrps23
Merged-chr11-88197422-7,Mrps23
Merged-chr11-88200631-1,Mrps23
Merged-chr11-88201028-1,Mrps23
Merged-chr11-88203861-12,Mrps23
Merged-chr11-88204355-58,Mrps23
Merged-chr11-88204857-1,Mrps23
Merged-chr11-88205061-1,Mrps23
Merged-chr11-88212223-1,Mrps23
Merged-chr11-88212710-1,Mrps23
Merged-chr11-88214077-4,Mrps23
Merged-chr11-88215492-6,Mrps23
Merged-chr11-88216362-8,Mrps23
Merged-chr11-88219552-6,Mrps23
Merged-chr11-88228049-1,Mrps23
Merged-chr11-88231207-1,Mrps23
Merged-chr11-88234205-38,Mrps23
Merged-chr11-88234869-1,Mrps23
Merged-chr11-88235348-5,Mrps23
Merged-chr11-88241088-1,Mrps23
Merged-chr11-88244851-1,Mrps23
Merged-chr11-88251536-1,Mrps23
Merged-chr11-88252410-40,Mrps23
Merged-chr11-88255785-1,Mrps23
Merged-chr11-88258431-2,Mrps23
Merged-chr11-88262782-1,Mrps23
Merged-chr11-88265253-1,Mrps23
Merged-chr11-88267814-1,Mrps23
Merged-chr11-88272088-1,Mrps23
Merged-chr11-88274080-1,Mrps23
Merged-chr11-88276030-2,Mrps23
Merged-chr11-88292267-1,Mrps23
Merged-chr11-88294402-1,Mrps23
Merged-chr11-88301389-1,Mrps23
Merged-chr11-88301892-1,Mrps23
Merged-chr11-88307799-1,Mrps23
Merged-chr11-88308154-2,Mrps23
Merged-chr11-88310985-2,Mrps23
Merged-chr11-94141303-1,Wfikkn2
Merged-chr11-94141757-24,Wfikkn2
Merged-chr11-94143545-1,Wfikkn2
Merged-chr11-94149548-8,Wfikkn2
Merged-chr11-94151194-1,Wfikkn2
Merged-chr11-94151942-1,Wfikkn2
Merged-chr11-94152156-1,Wfikkn2
Merged-chr11-94160606-24,Wfikkn2
Merged-chr11-94161075-1,Wfikkn2
Merged-chr11-94169814-20,Wfikkn2
Merged-chr11-94170551-1,Wfikkn2
Merged-chr11-94175840-1,Wfikkn2
Merged-chr11-94177896-1,Wfikkn2
Merged-chr11-94180518-1,Wfikkn2
Merged-chr11-94183227-1,Wfikkn2
Merged-chr11-94187653-1,Wfikkn2
Merged-chr11-94189440-1,Wfikkn2
Merged-chr11-94198740-3,Wfikkn2
Merged-chr11-94210326-54,Wfikkn2
Merged-chr11-94211259-62,Wfikkn2
Merged-chr11-94211963-1,Wfikkn2
Merged-chr11-94217369-1,Wfikkn2
Merged-chr11-94223195-1,Wfikkn2
Merged-chr11-94223768-11,Wfikkn2
Merged-chr11-94226184-29,Wfikkn2
Merged-chr11-94236237-56,Wfikkn2
Merged-chr11-94236604-1,Wfikkn2
Merged-chr11-94242153-1,Wfikkn2
Merged-chr11-94243197-14,Wfikkn2
Merged-chr11-94243746-17,Wfikkn2
Merged-chr11-94245166-1,Wfikkn2
Merged-chr11-94248571-1,Wfikkn2
Merged-chr11-94251340-1,Wfikkn2
Merged-chr11-94253127-45,Wfikkn2
Merged-chr11-94253837-6,Wfikkn2
Merged-chr11-94255304-1,Wfikkn2
Merged-chr11-94260035-52,Wfikkn2
Merged-chr11-94261773-5,Wfikkn2
Merged-chr11-94265556-22,Wfikkn2
Merged-chr11-94266483-1,Wfikkn2
Merged-chr11-94266705-1,Wfikkn2
Merged-chr11-94274569-2,Wfikkn2
Merged-chr11-94275408-5,Wfikkn2
Merged-chr11-94275844-62,Wfikkn2
Merged-chr11-94276978-1,Wfikkn2
Merged-chr11-94277257-18,Wfikkn2
Merged-chr11-94286992-1,Wfikkn2
Merged-chr11-94293061-1,Wfikkn2
Merged-chr11-94305689-1,Wfikkn2
Merged-chr11-94311072-1,Wfikkn2
Merged-chr11-94315087-1,Wfikkn2
Merged-chr11-94316772-1,Wfikkn2
Merged-chr11-94321522-3,Wfikkn2
Merged-chr11-94321965-73,Wfikkn2
Merged-chr11-94328170-65,Wfikkn2
Merged-chr11-94337093-1,Wfikkn2
Merged-chr11-94339273-1,Wfikkn2
Merged-chr11-94340404-17,Wfikkn2
Merged-chr11-115375783-1,Armc7
Merged-chr11-115382167-21,Armc7
Merged-chr11-115387435-1,Armc7
Merged-chr11-115393647-2,Armc7
Merged-chr11-115395830-1,Armc7
Merged-chr11-115396283-1,Armc7
Merged-chr11-115403885-35,Armc7
Merged-chr11-115407162-61,Armc7
Merged-chr11-115408424-12,Armc7
Merged-chr11-115408744-1,Armc7
Merged-chr11-115412787-28,Armc7
Merged-chr11-115413504-72,Armc7
Merged-chr11-115413992-1,Armc7
Merged-chr11-115416793-4,Armc7
Merged-chr11-115420011-61,Armc7
Merged-chr11-115423280-6,Armc7
Merged-chr11-115424867-1,Armc7
Merged-chr11-115427740-1,Armc7
Merged-chr11-115428057-30,Armc7
Merged-chr11-115429612-1,Armc7
Merged-chr11-115430941-1,Armc7
Merged-chr11-115433813-1,Armc7
Merged-chr11-115436332-1,Armc7
Merged-chr11-115439474-1,Armc7
Merged-chr11-115441688-1,Armc7
Merged-chr11-115446542-1,Armc7
Merged-chr11-115447052-1,Armc7
Merged-chr11-115447902-2,Armc7
Merged-chr11-115450039-1,Armc7
Merged-chr11-115451719-1,Armc7
Merged-chr11-115452117-61,Armc7
Merged-chr11-115453478-1,Armc7
Merged-chr11-115456365-1,Armc7
Merged-chr11-115458478-1,Armc7
Merged-chr11-115458887-1,Armc7
Merged-chr11-115460304-1,Armc7
Merged-chr11-115461997-12,Armc7
Merged-chr11-115462707-16,Armc7
Merged-chr11-115463697-37,Armc7
Merged-chr11-115465080-7,Armc7
Merged-chr11-115469526-1,Armc7
Merged-chr11-115470138-2,Armc7
Merged-chr11-115474127-4,Armc7
Merged-chr11-115475700-59,Armc7
Merged-chr11-115477077-1,Armc7
Merged-chr11-115477603-18,Armc7
Merged-chr11-115479472-1,Armc7
Merged-chr11-115481716-38,Armc7
Merged-chr11-115483971-5,Armc7
Merged-chr11-115486276-1,Armc7
Merged-chr11-115488898-1,Armc7
Merged-chr11-115491183-1,Armc7
Merged-chr11-115491423-5,Armc7
Merged-chr11-115491872-61,Armc7
Merged-chr11-115492398-1,Armc7
Merged-chr11-115497160-1,Armc7
Merged-chr11-115498160-1,Armc7
Merged-chr11-115499982-1,Armc7
Merged-chr11-115508256-31,Armc7
Merged-chr11-115511209-1,Armc7
Merged-chr11-115512935-16,Armc7
Merged-chr11-115513844-1,Armc7
Merged-chr11-115514047-1,Armc7
Merged-chr11-115514431-66,Armc7
Merged-chr11-115520648-1,Armc7
Merged-chr11-115521375-1,Armc7
Merged-chr11-115522124-1,Armc7
Merged-chr11-115527669-1,Armc7
Merged-chr11-115532044-1,Armc7
Merged-chr11-115535729-31,Armc7
Merged-chr11-115536385-53,Armc7
Merged-chr11-115537056-11,Armc7
Merged-chr11-115538145-1,Armc7
Merged-chr11-115553003-1,Armc7
Merged-chr11-115555580-1,Armc7
Merged-chr11-115563609-2,Armc7
Merged-chr11-115564323-44,Armc7
Merged-chr11-115576441-1,Armc7
Merged-chr11-115578052-2,Armc7
Merged-chr11-115578346-1,Armc7
Merged-chr11-115579254-17,Armc7
Merged-chr11-115581038-1,Armc7
Merged-chr11-115581543-2,Armc7
Merged-chr11-115585239-1,Armc7
Merged-chr11-115585703-1,Armc7
Merged-chr11-115587599-1,Armc7
Merged-chr11-115588793-1,Armc7
Merged-chr11-115589104-4,Armc7
Merged-chr11-117889142-1,Pgs1
Merged-chr11-117890522-1,Pgs1
Merged-chr11-117892038-21,Pgs1
Merged-chr11-117893232-1,Pgs1
Merged-chr11-117896066-1,Pgs1
Merged-chr11-117901068-1,Pgs1
Merged-chr11-117902457-1,Pgs1
Merged-chr11-117902774-1,Pgs1
Merged-chr11-117904538-1,Pgs1
Merged-chr11-117909484-2,Pgs1
Merged-chr11-117909739-2,Pgs1
Merged-chr11-117912898-23,Pgs1
Merged-chr11-117914677-5,Pgs1
Merged-chr11-117917728-1,Pgs1
Merged-chr11-117918725-1,Pgs1
Merged-chr11-117919600-1,Pgs1
Merged-chr11-117923264-1,Pgs1
Merged-chr11-117923604-1,Pgs1
Merged-chr11-117925792-1,Pgs1
Merged-chr11-117926058-1,Pgs1
Merged-chr11-117932345-1,Pgs1
Merged-chr11-117934033-1,Pgs1
Merged-chr11-117934422-2,Pgs1
Merged-chr11-117938486-1,Pgs1
Merged-chr11-117940903-1,Pgs1
Merged-chr11-117941673-3,Pgs1
Merged-chr11-117945321-1,Pgs1
Merged-chr11-117946699-4,Pgs1
Merged-chr11-117951286-2,Pgs1
Merged-chr11-117952427-54,Pgs1
Merged-chr11-117954327-20,Pgs1
Merged-chr11-117957802-1,Pgs1
Merged-chr11-117959750-1,Pgs1
Merged-chr11-117960150-3,Pgs1
Merged-chr11-117962412-2,Pgs1
Merged-chr11-117963597-55,Pgs1
Merged-chr11-117965794-30,Pgs1
Merged-chr11-117969306-56,Pgs1
Merged-chr11-117970026-38,Pgs1
Merged-chr11-117970536-4,Pgs1
Merged-chr11-117976312-2,Pgs1
Merged-chr11-117979270-1,Pgs1
Merged-chr11-117979476-1,Pgs1
Merged-chr11-117986912-58,Pgs1
Merged-chr11-117988171-2,Pgs1
Merged-chr11-117989534-2,Pgs1
Merged-chr11-117990119-19,Pgs1
Merged-chr11-117991939-21,Pgs1
Merged-chr11-117992919-1,Pgs1
Merged-chr11-117993476-1,Pgs1
Merged-chr11-117994476-14,Pgs1
Merged-chr11-117998727-1,Pgs1
Merged-chr11-118000748-10,Pgs1
Merged-chr11-118003120-1,Pgs1
Merged-chr11-118003683-1,Pgs1
Merged-chr11-118006513-1,Pgs1
Merged-chr11-118007484-1,Pgs1
Merged-chr11-118007946-1,Pgs1
Merged-chr11-118008803-1,Pgs1
Merged-chr11-118013680-3,Pgs1
Merged-chr11-118014112-1,Pgs1
Merged-chr11-118014605-40,Pgs1
Merged-chr11-118015577-12,Pgs1
Merged-chr11-118020011-1,Pgs1
Merged-chr11-118021975-21,Pgs1
Merged-chr11-118024488-1,Pgs1
Merged-chr11-118028243-1,Pgs1
Merged-chr11-118032756-1,Pgs1
Merged-chr11-118033064-1,Pgs1
Merged-chr11-118035348-5,Pgs1
Merged-chr11-118036630-1,Pgs1
Merged-chr11-118042581-1,Pgs1
Merged-chr11-118043609-1,Pgs1
Merged-chr11-118044270-2,Pgs1
Merged-chr11-118045975-1,Pgs1
Merged-chr11-118051058-1,Pgs1
Merged-chr11-118051509-1,Pgs1
Merged-chr11-118052202-1,Pgs1
Merged-chr11-118057238-2,Pgs1
Merged-chr11-118064571-1,Pgs1
Merged-chr11-118067954-1,Pgs1
Merged-chr11-118071910-1,Pgs1
Merged-chr11-118072924-1,Pgs1
Merged-chr11-118073666-1,Pgs1
Merged-chr11-118080949-1,Pgs1
Merged-chr11-118081821-1,Pgs1
Merged-chr11-118083979-4,Pgs1
Merged-chr11-118086164-15,Pgs1
Merged-chr11-118086871-1,Pgs1
Merged-chr11-118088906-1,Pgs1
Merged-chr11-118090299-1,Pgs1
Merged-chr11-118091207-1,Pgs1
Merged-chr11-118103100-30,Pgs1
Merged-chr11-118104190-42,Pgs1
Merged-chr11-118107463-2,Pgs1
Merged-chr11-118110109-1,Pgs1
Merged-chr11-118114029-5,Pgs1
Merged-chr11-118114918-10,Pgs1
Merged-chr11-118116322-3,Pgs1
Merged-chr11-118122186-2,Pgs1
Merged-chr11-118123344-1,Pgs1
Merged-chr12-26206994-11,Rnf144a
Merged-chr12-26209945-1,Rnf144a
Merged-chr12-26223175-1,Rnf144a
Merged-chr12-26226581-4,Rnf144a
Merged-chr12-26228639-1,Rnf144a
Merged-chr12-26233770-1,Rnf144a
Merged-chr12-26236895-1,Rnf144a
Merged-chr12-26239014-1,Rnf144a
Merged-chr12-26241207-1,Rnf144a
Merged-chr12-26250105-1,Rnf144a
Merged-chr12-26258518-1,Rnf144a
Merged-chr12-26260759-1,Rnf144a
Merged-chr12-26264382-1,Rnf144a
Merged-chr12-26265950-1,Rnf144a
Merged-chr12-26268563-1,Rnf144a
Merged-chr12-26277425-1,Rnf144a
Merged-chr12-26278408-1,Rnf144a
Merged-chr12-26281404-1,Rnf144a
Merged-chr12-26281782-1,Rnf144a
Merged-chr12-26287189-1,Rnf144a
Merged-chr12-26290539-1,Rnf144a
Merged-chr12-26296206-1,Rnf144a
Merged-chr12-26303157-5,Rnf144a
Merged-chr12-26305354-1,Rnf144a
Merged-chr12-26311719-14,Rnf144a
Merged-chr12-26312131-1,Rnf144a
Merged-chr12-26314806-1,Rnf144a
Merged-chr12-26315140-28,Rnf144a
Merged-chr12-26316021-1,Rnf144a
Merged-chr12-26319360-1,Rnf144a
Merged-chr12-26323221-1,Rnf144a
Merged-chr12-26329444-2,Rnf144a
Merged-chr12-26331310-1,Rnf144a
Merged-chr12-26335806-1,Rnf144a
Merged-chr12-26340153-1,Rnf144a
Merged-chr12-26340768-1,Rnf144a
Merged-chr12-26348675-1,Rnf144a
Merged-chr12-26351988-1,Rnf144a
Merged-chr12-26357497-1,Rnf144a
Merged-chr12-26359867-1,Rnf144a
Merged-chr12-26360737-1,Rnf144a
Merged-chr12-26361582-1,Rnf144a
Merged-chr12-26373694-1,Rnf144a
Merged-chr12-26375498-1,Rnf144a
Merged-chr12-26376283-2,Rnf144a
Merged-chr12-26377677-1,Rnf144a
Merged-chr12-26378107-2,Rnf144a
Merged-chr12-26379307-1,Rnf144a
Merged-chr12-26382712-6,Rnf144a
Merged-chr12-26383268-1,Rnf144a
Merged-chr12-26389883-1,Rnf144a
Merged-chr12-26393703-1,Rnf144a
Merged-chr12-26397979-1,Rnf144a
Merged-chr12-26398819-9,Rnf144a
Merged-chr12-26401335-4,Rnf144a
Merged-chr12-26401858-55,Rnf144a
Merged-chr12-26402829-1,Rnf144a
Merged-chr12-26405855-1,Rnf144a
Merged-chr12-26407929-1,Rnf144a
Merged-chr12-26409832-2,Rnf144a
Merged-chr12-26410662-1,Rnf144a
Merged-chr12-26414095-1,Rnf144a
Merged-chr12-26414297-1,Rnf144a
Merged-chr12-26415248-57,Rnf144a
Merged-chr12-26418509-21,Rnf144a
Merged-chr12-26425097-2,Rnf144a
Merged-chr12-26425461-1,Rnf144a
Merged-chr12-26426648-1,Rnf144a
Merged-chr12-26428078-1,Rnf144a
Merged-chr12-26436380-1,Rnf144a
Merged-chr12-26437038-1,Rnf144a
Merged-chr12-26439486-2,Rnf144a
Merged-chr12-26441149-1,Rnf144a
Merged-chr12-26444277-18,Rnf144a
Merged-chr12-26445510-1,Rnf144a
Merged-chr12-26448729-1,Rnf144a
Merged-chr12-26456491-60,Rnf144a
Merged-chr12-26460260-6,Rnf144a
Merged-chr12-26469363-66,Rnf144a
Merged-chr12-26469909-24,Rnf144a
Merged-chr12-26474727-1,Rnf144a
Merged-chr12-26475913-1,Rnf144a
Merged-chr12-26485848-1,Rnf144a
Merged-chr12-26487966-1,Rnf144a
Merged-chr12-26490094-1,Rnf144a
Merged-chr12-26490414-1,Rnf144a
Merged-chr12-26508837-1,Rnf144a
Merged-chr12-26509974-1,Rnf144a
Merged-chr12-26512465-1,Rnf144a
Merged-chr12-84285267-65,Entpd5
Merged-chr12-84288563-1,Entpd5
Merged-chr12-84291086-1,Entpd5
Merged-chr12-84293724-1,Entpd5
Merged-chr12-84300585-1,Entpd5
Merged-chr12-84304507-2,Entpd5
Merged-chr12-84305574-1,Entpd5
Merged-chr12-84311649-1,Entpd5
Merged-chr12-84316941-54,Entpd5
Merged-chr12-84317520-5,Entpd5
Merged-chr12-84332461-1,Entpd5
Merged-chr12-84333225-1,Entpd5
Merged-chr12-84337647-1,Entpd5
Merged-chr12-84340291-1,Entpd5
Merged-chr12-84342826-1,Entpd5
Merged-chr12-84349069-2,Entpd5
Merged-chr12-84352978-1,Entpd5
Merged-chr12-84356561-1,Entpd5
Merged-chr12-84361913-61,Entpd5
Merged-chr12-84367506-1,Entpd5
Merged-chr12-84371419-1,Entpd5
Merged-chr12-84380714-1,Entpd5
Merged-chr12-84382818-1,Entpd5
Merged-chr12-84387742-1,Entpd5
Merged-chr12-84389023-12,Entpd5
Merged-chr12-84392889-1,Entpd5
Merged-chr12-84396723-1,Entpd5
Merged-chr12-84408198-64,Entpd5
Merged-chr12-84409056-54,Entpd5
Merged-chr12-84415505-1,Entpd5
Merged-chr12-84417326-53,Entpd5
Merged-chr12-84424010-1,Entpd5
Merged-chr12-84424881-1,Entpd5
Merged-chr12-84432381-1,Entpd5
Merged-chr12-84439299-1,Entpd5
Merged-chr12-84442882-1,Entpd5
Merged-chr12-84451199-64,Entpd5
Merged-chr12-84457298-1,Entpd5
Merged-chr12-84458519-2,Entpd5
Merged-chr12-84463072-1,Entpd5
Merged-chr12-84468882-7,Entpd5
Merged-chr12-84502205-1,Entpd5
Merged-chr12-84503710-1,Entpd5
Merged-chr13-21907539-1,Prss16
Merged-chr13-21910137-1,Prss16
Merged-chr13-21911368-2,Prss16
Merged-chr13-21914234-1,Prss16
Merged-chr13-21917153-14,Prss16
Merged-chr13-21919288-41,Prss16
Merged-chr13-21920286-7,Prss16
Merged-chr13-21924863-6,Prss16
Merged-chr13-21927928-2,Prss16
Merged-chr13-21928756-13,Prss16
Merged-chr13-21931712-1,Prss16
Merged-chr13-21935492-8,Prss16
Merged-chr13-21937183-26,Prss16
Merged-chr13-21940588-71,Prss16
Merged-chr13-21944748-1,Prss16
Merged-chr13-21945233-42,Prss16
Merged-chr13-21957079-1,Prss16
Merged-chr13-21957998-1,Prss16
Merged-chr13-21962770-1,Prss16
Merged-chr13-21964355-1,Prss16
Merged-chr13-21974333-32,Prss16
Merged-chr13-21975096-54,Prss16
Merged-chr13-21980307-1,Prss16
Merged-chr13-21981542-10,Prss16
Merged-chr13-21982154-2,Prss16
Merged-chr13-21984654-11,Prss16
Merged-chr13-21994120-5,Prss16
Merged-chr13-21994487-1,Prss16
Merged-chr13-21995768-23,Prss16
Merged-chr13-21996317-9,Prss16
Merged-chr13-21996748-2,Prss16
Merged-chr13-21997065-6,Prss16
Merged-chr13-21998414-1,Prss16
Merged-chr13-22001093-1,Prss16
Merged-chr13-22002004-39,Prss16
Merged-chr13-22006206-92,Prss16
Merged-chr13-22007036-32,Prss16
Merged-chr13-22014111-1,Prss16
Merged-chr13-22014596-1,Prss16
Merged-chr13-22015858-51,Prss16
Merged-chr13-22019739-1,Prss16
Merged-chr13-22020879-29,Prss16
Merged-chr13-22022423-26,Prss16
Merged-chr13-22026526-29,Prss16
Merged-chr13-22029021-58,Prss16
Merged-chr13-22035733-61,Prss16
Merged-chr13-22040969-1,Prss16
Merged-chr13-22041327-28,Prss16
Merged-chr13-22042182-1,Prss16
Merged-chr13-22043097-59,Prss16
Merged-chr13-22043758-2,Prss16
Merged-chr13-22044334-1,Prss16
Merged-chr13-22049255-4,Prss16
Merged-chr13-22049875-42,Prss16
Merged-chr13-22051006-66,Prss16
Merged-chr13-22055980-1,Prss16
Merged-chr13-22061619-2,Prss16
Merged-chr13-22072828-1,Prss16
Merged-chr13-22082047-1,Prss16
Merged-chr13-60834343-1,Ctla2a
Merged-chr13-60839591-58,Ctla2a
Merged-chr13-60843107-16,Ctla2a
Merged-chr13-60848414-40,Ctla2a
Merged-chr13-60848696-2,Ctla2a
Merged-chr13-60848931-59,Ctla2a
Merged-chr13-60854530-9,Ctla2a
Merged-chr13-60855342-22,Ctla2a
Merged-chr13-60864098-1,Ctla2a
Merged-chr13-60865820-1,Ctla2a
Merged-chr13-60866540-1,Ctla2a
Merged-chr13-60868669-1,Ctla2a
Merged-chr13-60869018-1,Ctla2a
Merged-chr13-60873981-2,Ctla2a
Merged-chr13-60876685-1,Ctla2a
Merged-chr13-60879794-1,Ctla2a
Merged-chr13-60895589-9,Ctla2a
Merged-chr13-60897549-60,Ctla2a
Merged-chr13-60902545-1,Ctla2a
Merged-chr13-60909827-1,Ctla2a
Merged-chr13-60917016-1,Ctla2a
Merged-chr13-60920864-1,Ctla2a
Merged-chr13-60921145-1,Ctla2a
Merged-chr13-60929740-1,Ctla2a
Merged-chr13-60931708-1,Ctla2a
Merged-chr13-60935195-2,Ctla2a
Merged-chr13-60936697-61,Ctla2a
Merged-chr13-60953579-1,Ctla2a
Merged-chr13-60959752-1,Ctla2a
Merged-chr13-60962096-1,Ctla2a
Merged-chr13-60963198-1,Ctla2a
Merged-chr13-60964185-2,Ctla2a
Merged-chr13-60972487-3,Ctla2a
Merged-chr13-60996634-1,Ctla2a
Merged-chr13-60997747-1,Ctla2a
Merged-chr13-61010968-1,Ctla2a
Merged-chr13-61016062-1,Ctla2a
Merged-chr13-61016405-2,Ctla2a
Merged-chr13-61029135-1,Ctla2a
Merged-chr13-98588054-1,Tmem171
Merged-chr13-98589117-32,Tmem171
Merged-chr13-98590353-1,Tmem171
Merged-chr13-98593425-1,Tmem171
Merged-chr13-98596985-1,Tmem171
Merged-chr13-98600974-1,Tmem171
Merged-chr13-98604060-1,Tmem171
Merged-chr13-98607767-1,Tmem171
Merged-chr13-98616560-1,Tmem171
Merged-chr13-98617608-1,Tmem171
Merged-chr13-98617889-1,Tmem171
Merged-chr13-98626198-1,Tmem171
Merged-chr13-98626535-1,Tmem171
Merged-chr13-98629204-1,Tmem171
Merged-chr13-98629479-1,Tmem171
Merged-chr13-98632631-1,Tmem171
Merged-chr13-98634565-1,Tmem171
Merged-chr13-98636750-2,Tmem171
Merged-chr13-98647797-1,Tmem171
Merged-chr13-98653117-1,Tmem171
Merged-chr13-98653911-1,Tmem171
Merged-chr13-98654165-1,Tmem171
Merged-chr13-98657883-1,Tmem171
Merged-chr13-98666348-1,Tmem171
Merged-chr13-98669563-1,Tmem171
Merged-chr13-98678619-1,Tmem171
Merged-chr13-98678868-2,Tmem171
Merged-chr13-98679257-1,Tmem171
Merged-chr13-98680907-1,Tmem171
Merged-chr13-98681171-1,Tmem171
Merged-chr13-98683845-1,Tmem171
Merged-chr13-98684534-11,Tmem171
Merged-chr13-98692097-44,Tmem171
Merged-chr13-98693577-6,Tmem171
Merged-chr13-98698650-1,Tmem171
Merged-chr13-98700581-1,Tmem171
Merged-chr13-98705701-1,Tmem171
Merged-chr13-98706215-2,Tmem171
Merged-chr13-98710565-1,Tmem171
Merged-chr13-98718207-1,Tmem171
Merged-chr13-98720228-1,Tmem171
Merged-chr13-98726670-6,Tmem171
Merged-chr13-98733172-1,Tmem171
Merged-chr13-98736303-1,Tmem171
Merged-chr13-98737411-1,Tmem171
Merged-chr13-98737690-3,Tmem171
Merged-chr13-98738429-9,Tmem171
Merged-chr13-98745633-1,Tmem171
Merged-chr13-98749614-1,Tmem171
Merged-chr13-98762529-1,Tmem171
Merged-chr13-98767884-1,Tmem171
Merged-chr13-98771783-1,Tmem171
Merged-chr13-98776838-1,Tmem171
Merged-chr13-98778097-1,Tmem171
Merged-chr13-98779990-1,Tmem171
Merged-chr13-98782761-1,Tmem171
Merged-chr13-98783938-1,Tmem171
Merged-chr13-98784437-1,Tmem171
Merged-chr13-98785584-1,Tmem171
Merged-chr13-98787017-1,Tmem171
Merged-chr13-98791893-12,Tmem171
Merged-chr13-98793158-1,Tmem171
Merged-chr13-117124906-1,Emb
Merged-chr13-117127448-4,Emb
Merged-chr13-117127962-4,Emb
Merged-chr13-117132348-9,Emb
Merged-chr13-117132972-1,Emb
Merged-chr13-117134504-1,Emb
Merged-chr13-117136037-1,Emb
Merged-chr13-117138620-2,Emb
Merged-chr13-117139084-1,Emb
Merged-chr13-117140547-1,Emb
Merged-chr13-117142508-5,Emb
Merged-chr13-117146194-1,Emb
Merged-chr13-117151615-1,Emb
Merged-chr13-117152868-2,Emb
Merged-chr13-117156710-2,Emb
Merged-chr13-117159690-1,Emb
Merged-chr13-117165324-8,Emb
Merged-chr13-117173620-1,Emb
Merged-chr13-117175558-1,Emb
Merged-chr13-117178519-1,Emb
Merged-chr13-117180111-1,Emb
Merged-chr13-117183921-1,Emb
Merged-chr13-117185216-1,Emb
Merged-chr13-117187910-1,Emb
Merged-chr13-117189759-1,Emb
Merged-chr13-117193646-8,Emb
Merged-chr13-117196053-56,Emb
Merged-chr13-117198656-41,Emb
Merged-chr13-117203191-46,Emb
Merged-chr13-117203856-5,Emb
Merged-chr13-117206254-18,Emb
Merged-chr13-117207760-1,Emb
Merged-chr13-117211649-60,Emb
Merged-chr13-117215873-3,Emb
Merged-chr13-117216275-66,Emb
Merged-chr13-117217814-14,Emb
Merged-chr13-117218345-3,Emb
Merged-chr13-117220757-78,Emb
Merged-chr13-117223390-25,Emb
Merged-chr13-117225812-2,Emb
Merged-chr13-117227517-1,Emb
Merged-chr13-117229425-2,Emb
Merged-chr13-117230426-3,Emb
Merged-chr13-117230829-1,Emb
Merged-chr13-117232082-8,Emb
Merged-chr13-117235664-3,Emb
Merged-chr13-117235995-1,Emb
Merged-chr13-117237321-9,Emb
Merged-chr13-117239108-1,Emb
Merged-chr13-117241301-44,Emb
Merged-chr13-117242545-69,Emb
Merged-chr13-117249053-1,Emb
Merged-chr13-117250233-5,Emb
Merged-chr13-117255735-1,Emb
Merged-chr13-117256764-1,Emb
Merged-chr13-117259678-1,Emb
Merged-chr13-117260939-63,Emb
Merged-chr13-117268102-1,Emb
Merged-chr13-117270531-1,Emb
Merged-chr13-117273684-1,Emb
Merged-chr13-117275996-1,Emb
Merged-chr13-117277120-1,Emb
Merged-chr13-117278711-1,Emb
Merged-chr13-117284239-60,Emb
Merged-chr13-117287155-12,Emb
Merged-chr13-117288787-1,Emb
Merged-chr13-117289824-35,Emb
Merged-chr13-117291151-1,Emb
Merged-chr13-117305372-1,Emb
Merged-chr13-117308134-1,Emb
Merged-chr13-117311652-51,Emb
Merged-chr13-117311980-1,Emb
Merged-chr13-117313965-1,Emb
Merged-chr13-117316573-1,Emb
Merged-chr13-117317905-1,Emb
Merged-chr13-117319571-1,Emb
Merged-chr13-117320790-1,Emb
Merged-chr13-117322734-2,Emb
Merged-chr13-117328317-1,Emb
Merged-chr13-117328989-2,Emb
Merged-chr13-117332803-1,Emb
Merged-chr13-117333615-3,Emb
Merged-chr13-117334340-2,Emb
Merged-chr13-117334790-1,Emb
Merged-chr13-117335821-1,Emb
Merged-chr13-117337878-1,Emb
Merged-chr13-117342009-1,Emb
Merged-chr13-117343780-1,Emb
Merged-chr13-117355001-1,Emb
Merged-chr13-117355851-1,Emb
Merged-chr14-19773285-2,Gng2
Merged-chr14-19774534-1,Gng2
Merged-chr14-19780853-1,Gng2
Merged-chr14-19781407-1,Gng2
Merged-chr14-19786590-1,Gng2
Merged-chr14-19798989-1,Gng2
Merged-chr14-19800382-1,Gng2
Merged-chr14-19802290-1,Gng2
Merged-chr14-19802541-1,Gng2
Merged-chr14-19805310-1,Gng2
Merged-chr14-19808887-1,Gng2
Merged-chr14-19818143-25,Gng2
Merged-chr14-19823874-60,Gng2
Merged-chr14-19828686-1,Gng2
Merged-chr14-19833340-1,Gng2
Merged-chr14-19833686-1,Gng2
Merged-chr14-19834947-1,Gng2
Merged-chr14-19836936-1,Gng2
Merged-chr14-19840089-9,Gng2
Merged-chr14-19840912-1,Gng2
Merged-chr14-19843094-1,Gng2
Merged-chr14-19843591-1,Gng2
Merged-chr14-19852351-1,Gng2
Merged-chr14-19861956-1,Gng2
Merged-chr14-19872510-1,Gng2
Merged-chr14-19874654-1,Gng2
Merged-chr14-19876106-1,Gng2
Merged-chr14-19881415-2,Gng2
Merged-chr14-19887186-1,Gng2
Merged-chr14-19887688-1,Gng2
Merged-chr14-19891434-1,Gng2
Merged-chr14-19894071-1,Gng2
Merged-chr14-19894648-2,Gng2
Merged-chr14-19904073-3,Gng2
Merged-chr14-19905211-1,Gng2
Merged-chr14-19905772-1,Gng2
Merged-chr14-19907312-1,Gng2
Merged-chr14-19917028-1,Gng2
Merged-chr14-19924283-1,Gng2
Merged-chr14-19926241-2,Gng2
Merged-chr14-19928516-1,Gng2
Merged-chr14-19930186-1,Gng2
Merged-chr14-19933440-1,Gng2
Merged-chr14-19935610-1,Gng2
Merged-chr14-19940317-3,Gng2
Merged-chr14-19942289-1,Gng2
Merged-chr14-19945573-1,Gng2
Merged-chr14-19946300-1,Gng2
Merged-chr14-19952412-1,Gng2
Merged-chr14-19953046-1,Gng2
Merged-chr14-19962103-52,Gng2
Merged-chr14-19962745-34,Gng2
Merged-chr14-19968511-50,Gng2
Merged-chr14-19969124-4,Gng2
Merged-chr14-19969750-8,Gng2
Merged-chr14-19970554-4,Gng2
Merged-chr14-19975304-6,Gng2
Merged-chr14-19975543-1,Gng2
Merged-chr14-19976871-104,Gng2
Merged-chr14-19979360-1,Gng2
Merged-chr14-19985238-58,Gng2
Merged-chr14-19985912-1,Gng2
Merged-chr14-19986239-3,Gng2
Merged-chr14-19986940-48,Gng2
Merged-chr14-19993588-32,Gng2
Merged-chr14-19994294-27,Gng2
Merged-chr14-19994735-5,Gng2
Merged-chr14-19995041-2,Gng2
Merged-chr14-19995340-2,Gng2
Merged-chr14-19998375-1,Gng2
Merged-chr14-19999633-2,Gng2
Merged-chr14-20002177-2,Gng2
Merged-chr14-20006536-23,Gng2
Merged-chr14-20007687-1,Gng2
Merged-chr14-20012635-41,Gng2
Merged-chr14-20013122-13,Gng2
Merged-chr14-20019121-1,Gng2
Merged-chr14-20022236-1,Gng2
Merged-chr14-20024214-15,Gng2
Merged-chr14-20025478-56,Gng2
Merged-chr14-20034459-1,Gng2
Merged-chr14-20035113-60,Gng2
Merged-chr14-20041701-1,Gng2
Merged-chr14-20042026-30,Gng2
Merged-chr14-20044280-1,Gng2
Merged-chr14-20051978-1,Gng2
Merged-chr14-20061373-1,Gng2
Merged-chr14-20066789-1,Gng2
Merged-chr14-20067087-1,Gng2
Merged-chr14-20067497-43,Gng2
Merged-chr14-20068468-1,Gng2
Merged-chr14-20074981-1,Gng2
Merged-chr14-20076187-1,Gng2
Merged-chr14-20076731-2,Gng2
Merged-chr14-79188857-1,Rgcc
Merged-chr14-79189186-1,Rgcc
Merged-chr14-79198183-1,Rgcc
Merged-chr14-79199782-1,Rgcc
Merged-chr14-79200270-18,Rgcc
Merged-chr14-79205839-1,Rgcc
Merged-chr14-79206798-1,Rgcc
Merged-chr14-79208454-1,Rgcc
Merged-chr14-79213931-1,Rgcc
Merged-chr14-79218848-4,Rgcc
Merged-chr14-79225077-1,Rgcc
Merged-chr14-79226795-27,Rgcc
Merged-chr14-79229103-1,Rgcc
Merged-chr14-79232623-1,Rgcc
Merged-chr14-79232915-1,Rgcc
Merged-chr14-79234629-1,Rgcc
Merged-chr14-79236532-49,Rgcc
Merged-chr14-79239567-9,Rgcc
Merged-chr14-79242202-2,Rgcc
Merged-chr14-79243691-59,Rgcc
Merged-chr14-79245766-1,Rgcc
Merged-chr14-79247757-1,Rgcc
Merged-chr14-79248852-1,Rgcc
Merged-chr14-79249596-3,Rgcc
Merged-chr14-79255981-19,Rgcc
Merged-chr14-79259783-3,Rgcc
Merged-chr14-79266095-2,Rgcc
Merged-chr14-79267620-1,Rgcc
Merged-chr14-79268163-13,Rgcc
Merged-chr14-79269789-1,Rgcc
Merged-chr14-79271979-1,Rgcc
Merged-chr14-79274252-9,Rgcc
Merged-chr14-79274833-3,Rgcc
Merged-chr14-79275823-1,Rgcc
Merged-chr14-79277442-1,Rgcc
Merged-chr14-79280686-45,Rgcc
Merged-chr14-79281843-1,Rgcc
Merged-chr14-79284080-1,Rgcc
Merged-chr14-79284937-7,Rgcc
Merged-chr14-79288493-13,Rgcc
Merged-chr14-79289670-1,Rgcc
Merged-chr14-79290166-1,Rgcc
Merged-chr14-79290879-3,Rgcc
Merged-chr14-79293604-57,Rgcc
Merged-chr14-79294279-1,Rgcc
Merged-chr14-79295239-1,Rgcc
Merged-chr14-79295768-1,Rgcc
Merged-chr14-79296429-12,Rgcc
Merged-chr14-79298090-1,Rgcc
Merged-chr14-79299096-1,Rgcc
Merged-chr14-79299367-1,Rgcc
Merged-chr14-79300871-3,Rgcc
Merged-chr14-79301646-61,Rgcc
Merged-chr14-79307386-6,Rgcc
Merged-chr14-79310485-1,Rgcc
Merged-chr14-79311749-1,Rgcc
Merged-chr14-79312223-2,Rgcc
Merged-chr14-79314813-11,Rgcc
Merged-chr14-79316115-23,Rgcc
Merged-chr14-79316547-1,Rgcc
Merged-chr14-79318298-1,Rgcc
Merged-chr14-79321378-20,Rgcc
Merged-chr14-79323508-1,Rgcc
Merged-chr14-79327168-3,Rgcc
Merged-chr14-79327993-1,Rgcc
Merged-chr14-79329315-1,Rgcc
Merged-chr14-79330084-1,Rgcc
Merged-chr14-79330330-1,Rgcc
Merged-chr14-79331334-51,Rgcc
Merged-chr14-79333977-1,Rgcc
Merged-chr14-79335513-1,Rgcc
Merged-chr14-79342392-1,Rgcc
Merged-chr14-79344642-1,Rgcc
Merged-chr14-79346462-1,Rgcc
Merged-chr14-79348751-1,Rgcc
Merged-chr14-79350222-1,Rgcc
Merged-chr14-79358268-1,Rgcc
Merged-chr14-79360195-1,Rgcc
Merged-chr14-79363722-1,Rgcc
Merged-chr14-79388954-1,Rgcc
Merged-chr14-79389807-1,Rgcc
Merged-chr14-79390711-64,Rgcc
Merged-chr14-79393450-13,Rgcc
Merged-chr14-79394736-18,Rgcc
Merged-chr14-79397953-45,Rgcc
Merged-chr14-79398421-1,Rgcc
Merged-chr14-79398721-1,Rgcc
Merged-chr15-9410010-1,Il7r
Merged-chr15-9420052-1,Il7r
Merged-chr15-9421296-1,Il7r
Merged-chr15-9428016-8,Il7r
Merged-chr15-9434922-1,Il7r
Merged-chr15-9435984-25,Il7r
Merged-chr15-9438864-1,Il7r
Merged-chr15-9450087-1,Il7r
Merged-chr15-9452174-3,Il7r
Merged-chr15-9455452-46,Il7r
Merged-chr15-9456533-3,Il7r
Merged-chr15-9461895-1,Il7r
Merged-chr15-9463073-8,Il7r
Merged-chr15-9463646-28,Il7r
Merged-chr15-9466697-1,Il7r
Merged-chr15-9469394-1,Il7r
Merged-chr15-9469897-4,Il7r
Merged-chr15-9471692-1,Il7r
Merged-chr15-9472355-39,Il7r
Merged-chr15-9472830-3,Il7r
Merged-chr15-9480220-1,Il7r
Merged-chr15-9482845-1,Il7r
Merged-chr15-9496923-1,Il7r
Merged-chr15-9503108-2,Il7r
Merged-chr15-9503482-1,Il7r
Merged-chr15-9507850-1,Il7r
Merged-chr15-9509693-1,Il7r
Merged-chr15-9510544-1,Il7r
Merged-chr15-9511374-1,Il7r
Merged-chr15-9513400-1,Il7r
Merged-chr15-9513764-1,Il7r
Merged-chr15-9516128-1,Il7r
Merged-chr15-9517752-1,Il7r
Merged-chr15-9520587-3,Il7r
Merged-chr15-9522251-1,Il7r
Merged-chr15-9523734-1,Il7r
Merged-chr15-9524113-5,Il7r
Merged-chr15-9524418-1,Il7r
Merged-chr15-9526606-2,Il7r
Merged-chr15-9527719-2,Il7r
Merged-chr15-9528337-45,Il7r
Merged-chr15-9529864-49,Il7r
Merged-chr15-9533566-40,Il7r
Merged-chr15-9535381-18,Il7r
Merged-chr15-9535662-1,Il7r
Merged-chr15-9542478-1,Il7r
Merged-chr15-9549230-4,Il7r
Merged-chr15-9555320-3,Il7r
Merged-chr15-9556117-12,Il7r
Merged-chr15-9561933-1,Il7r
Merged-chr15-9562640-5,Il7r
Merged-chr15-9563846-1,Il7r
Merged-chr15-9564370-38,Il7r
Merged-chr15-9564765-2,Il7r
Merged-chr15-9567511-23,Il7r
Merged-chr15-9569611-13,Il7r
Merged-chr15-9570249-4,Il7r
Merged-chr15-9570523-1,Il7r
Merged-chr15-9571243-1,Il7r
Merged-chr15-9572080-2,Il7r
Merged-chr15-9572892-4,Il7r
Merged-chr15-9575022-58,Il7r
Merged-chr15-9577502-15,Il7r
Merged-chr15-9580926-53,Il7r
Merged-chr15-9581682-5,Il7r
Merged-chr15-9589175-3,Il7r
Merged-chr15-9593757-2,Il7r
Merged-chr15-9596808-23,Il7r
Merged-chr15-9599530-1,Il7r
Merged-chr15-9600265-31,Il7r
Merged-chr15-9608374-18,Il7r
Merged-chr15-9608749-3,Il7r
Merged-chr15-9611118-7,Il7r
Merged-chr15-9613464-1,Il7r
Merged-chr15-9623152-20,Il7r
Merged-chr15-9625102-1,Il7r
Merged-chr16-19846827-1,Klhl6
Merged-chr16-19848584-5,Klhl6
Merged-chr16-19866505-1,Klhl6
Merged-chr16-19867621-1,Klhl6
Merged-chr16-19870368-1,Klhl6
Merged-chr16-19875251-1,Klhl6
Merged-chr16-19880672-1,Klhl6
Merged-chr16-19883162-2,Klhl6
Merged-chr16-19884342-9,Klhl6
Merged-chr16-19890140-1,Klhl6
Merged-chr16-19894823-1,Klhl6
Merged-chr16-19895237-1,Klhl6
Merged-chr16-19904520-1,Klhl6
Merged-chr16-19904935-1,Klhl6
Merged-chr16-19907314-20,Klhl6
Merged-chr16-19908494-3,Klhl6
Merged-chr16-19911735-1,Klhl6
Merged-chr16-19914362-1,Klhl6
Merged-chr16-19937575-1,Klhl6
Merged-chr16-19939601-1,Klhl6
Merged-chr16-19947139-1,Klhl6
Merged-chr16-19959423-1,Klhl6
Merged-chr16-19960843-34,Klhl6
Merged-chr16-19961120-1,Klhl6
Merged-chr16-19962641-1,Klhl6
Merged-chr16-19963140-1,Klhl6
Merged-chr16-19963944-5,Klhl6
Merged-chr16-19965273-1,Klhl6
Merged-chr16-19967260-4,Klhl6
Merged-chr16-19969673-9,Klhl6
Merged-chr16-19972866-1,Klhl6
Merged-chr16-19973726-1,Klhl6
Merged-chr16-19974618-8,Klhl6
Merged-chr16-19975617-24,Klhl6
Merged-chr16-19976969-3,Klhl6
Merged-chr16-19977474-6,Klhl6
Merged-chr16-19980275-5,Klhl6
Merged-chr16-19980776-1,Klhl6
Merged-chr16-19981221-12,Klhl6
Merged-chr16-19981911-7,Klhl6
Merged-chr16-19983090-58,Klhl6
Merged-chr16-19985112-34,Klhl6
Merged-chr16-19996022-1,Klhl6
Merged-chr16-19997066-11,Klhl6
Merged-chr16-19998050-1,Klhl6
Merged-chr16-20000527-13,Klhl6
Merged-chr16-20014320-17,Klhl6
Merged-chr16-20015555-1,Klhl6
Merged-chr16-20016939-4,Klhl6
Merged-chr16-20023015-1,Klhl6
Merged-chr16-20046243-1,Klhl6
Merged-chr16-20049649-4,Klhl6
Merged-chr16-20054265-1,Klhl6
Merged-chr16-20061020-1,Klhl6
Merged-chr16-20076827-4,Klhl6
Merged-chr16-36651366-2,Slc15a2
Merged-chr16-36655415-8,Slc15a2
Merged-chr16-36656006-25,Slc15a2
Merged-chr16-36659786-1,Slc15a2
Merged-chr16-36663403-5,Slc15a2
Merged-chr16-36665965-28,Slc15a2
Merged-chr16-36666871-54,Slc15a2
Merged-chr16-36667376-1,Slc15a2
Merged-chr16-36667928-1,Slc15a2
Merged-chr16-36669520-3,Slc15a2
Merged-chr16-36670830-23,Slc15a2
Merged-chr16-36674560-10,Slc15a2
Merged-chr16-36675118-38,Slc15a2
Merged-chr16-36682010-13,Slc15a2
Merged-chr16-36684581-63,Slc15a2
Merged-chr16-36686805-1,Slc15a2
Merged-chr16-36687331-5,Slc15a2
Merged-chr16-36687723-1,Slc15a2
Merged-chr16-36688205-13,Slc15a2
Merged-chr16-36693950-52,Slc15a2
Merged-chr16-36694282-1,Slc15a2
Merged-chr16-36695775-1,Slc15a2
Merged-chr16-36697298-1,Slc15a2
Merged-chr16-36697514-1,Slc15a2
Merged-chr16-36698506-1,Slc15a2
Merged-chr16-36699905-2,Slc15a2
Merged-chr16-36700666-3,Slc15a2
Merged-chr16-36702518-1,Slc15a2
Merged-chr16-36708280-1,Slc15a2
Merged-chr16-36709000-45,Slc15a2
Merged-chr16-36709646-41,Slc15a2
Merged-chr16-36710974-3,Slc15a2
Merged-chr16-36711945-6,Slc15a2
Merged-chr16-36717668-7,Slc15a2
Merged-chr16-36717963-1,Slc15a2
Merged-chr16-36719267-1,Slc15a2
Merged-chr16-36720390-50,Slc15a2
Merged-chr16-36721802-1,Slc15a2
Merged-chr16-36724066-2,Slc15a2
Merged-chr16-36729172-3,Slc15a2
Merged-chr16-36731511-1,Slc15a2
Merged-chr16-36740872-1,Slc15a2
Merged-chr16-36742127-1,Slc15a2
Merged-chr16-36743709-1,Slc15a2
Merged-chr16-36744097-1,Slc15a2
Merged-chr16-36745119-1,Slc15a2
Merged-chr16-36756501-1,Slc15a2
Merged-chr16-36763931-2,Slc15a2
Merged-chr16-36765348-3,Slc15a2
Merged-chr16-36770349-20,Slc15a2
Merged-chr16-36777069-1,Slc15a2
Merged-chr16-36786207-1,Slc15a2
Merged-chr16-36801158-1,Slc15a2
Merged-chr16-36803090-1,Slc15a2
Merged-chr16-36808534-1,Slc15a2
Merged-chr16-36813705-1,Slc15a2
Merged-chr16-36816543-1,Slc15a2
Merged-chr16-36817044-1,Slc15a2
Merged-chr16-36817507-56,Slc15a2
Merged-chr16-36821698-19,Slc15a2
Merged-chr16-36827923-2,Slc15a2
Merged-chr16-36828351-61,Slc15a2
Merged-chr16-36852032-1,Slc15a2
Merged-chr16-36858085-1,Slc15a2
Merged-chr16-36866166-1,Slc15a2
Merged-chr16-36871200-1,Slc15a2
Merged-chr16-36875036-61,Slc15a2
Merged-chr16-36875546-1,Slc15a2
Merged-chr16-36884638-2,Slc15a2
Merged-chr17-35725751-36,Ier3
Merged-chr17-35726705-1,Ier3
Merged-chr17-35727170-5,Ier3
Merged-chr17-35731184-5,Ier3
Merged-chr17-35731937-24,Ier3
Merged-chr17-35734258-1,Ier3
Merged-chr17-35734681-16,Ier3
Merged-chr17-35736160-1,Ier3
Merged-chr17-35736446-6,Ier3
Merged-chr17-35738033-21,Ier3
Merged-chr17-35739871-17,Ier3
Merged-chr17-35740532-8,Ier3
Merged-chr17-35740918-1,Ier3
Merged-chr17-35741629-1,Ier3
Merged-chr17-35742076-32,Ier3
Merged-chr17-35747474-1,Ier3
Merged-chr17-35751060-1,Ier3
Merged-chr17-35752422-23,Ier3
Merged-chr17-35753133-5,Ier3
Merged-chr17-35754242-1,Ier3
Merged-chr17-35755481-15,Ier3
Merged-chr17-35758931-19,Ier3
Merged-chr17-35764103-47,Ier3
Merged-chr17-35766617-42,Ier3
Merged-chr17-35770506-1,Ier3
Merged-chr17-35777393-2,Ier3
Merged-chr17-35778277-1,Ier3
Merged-chr17-35779031-1,Ier3
Merged-chr17-35783190-1,Ier3
Merged-chr17-35784114-1,Ier3
Merged-chr17-35786387-1,Ier3
Merged-chr17-35791052-1,Ier3
Merged-chr17-35794741-1,Ier3
Merged-chr17-35801999-1,Ier3
Merged-chr17-35802638-1,Ier3
Merged-chr17-35804201-1,Ier3
Merged-chr17-35807200-1,Ier3
Merged-chr17-35809820-1,Ier3
Merged-chr17-35810410-1,Ier3
Merged-chr17-35810666-1,Ier3
Merged-chr17-35811666-1,Ier3
Merged-chr17-35812649-1,Ier3
Merged-chr17-35813391-1,Ier3
Merged-chr17-35813792-51,Ier3
Merged-chr17-35817753-2,Ier3
Merged-chr17-35821236-1,Ier3
Merged-chr17-35821633-14,Ier3
Merged-chr17-35822092-1,Ier3
Merged-chr17-35823213-63,Ier3
Merged-chr17-35824680-1,Ier3
Merged-chr17-35827053-1,Ier3
Merged-chr17-35829941-58,Ier3
Merged-chr17-35832585-1,Ier3
Merged-chr17-35836616-1,Ier3
Merged-chr17-35837130-11,Ier3
Merged-chr17-35838325-57,Ier3
Merged-chr17-35841522-62,Ier3
Merged-chr17-35847561-1,Ier3
Merged-chr17-35861363-65,Ier3
Merged-chr17-35861721-3,Ier3
Merged-chr17-35865942-3,Ier3
Merged-chr17-35866561-12,Ier3
Merged-chr17-35867722-1,Ier3
Merged-chr17-35868389-29,Ier3
Merged-chr17-35869915-1,Ier3
Merged-chr17-35870411-61,Ier3
Merged-chr17-35870847-1,Ier3
Merged-chr17-35873939-7,Ier3
Merged-chr17-35879759-66,Ier3
Merged-chr17-35881511-1,Ier3
Merged-chr17-35885172-1,Ier3
Merged-chr17-35886808-1,Ier3
Merged-chr17-35890806-1,Ier3
Merged-chr17-35896272-1,Ier3
Merged-chr17-35897291-65,Ier3
Merged-chr17-35897896-2,Ier3
Merged-chr17-35898232-4,Ier3
Merged-chr17-35901839-1,Ier3
Merged-chr17-35903166-1,Ier3
Merged-chr17-35904066-25,Ier3
Merged-chr17-35910158-60,Ier3
Merged-chr17-35911232-1,Ier3
Merged-chr17-35916143-1,Ier3
Merged-chr17-35916692-101,Ier3
Merged-chr17-35919117-30,Ier3
Merged-chr17-35921314-1,Ier3
Merged-chr17-35922611-1,Ier3
Merged-chr17-78953824-1,Qpct
Merged-chr17-78959458-1,Qpct
Merged-chr17-78963165-2,Qpct
Merged-chr17-78966704-1,Qpct
Merged-chr17-78968862-1,Qpct
Merged-chr17-78969732-1,Qpct
Merged-chr17-78970965-1,Qpct
Merged-chr17-78971386-1,Qpct
Merged-chr17-78971999-1,Qpct
Merged-chr17-78975276-1,Qpct
Merged-chr17-78977514-8,Qpct
Merged-chr17-78977897-1,Qpct
Merged-chr17-78984590-1,Qpct
Merged-chr17-78986420-1,Qpct
Merged-chr17-78989187-8,Qpct
Merged-chr17-78989739-1,Qpct
Merged-chr17-78994620-3,Qpct
Merged-chr17-78995353-19,Qpct
Merged-chr17-79000065-16,Qpct
Merged-chr17-79002471-1,Qpct
Merged-chr17-79003664-1,Qpct
Merged-chr17-79004025-2,Qpct
Merged-chr17-79004828-5,Qpct
Merged-chr17-79011509-1,Qpct
Merged-chr17-79013876-1,Qpct
Merged-chr17-79016025-8,Qpct
Merged-chr17-79019077-1,Qpct
Merged-chr17-79019961-8,Qpct
Merged-chr17-79020762-63,Qpct
Merged-chr17-79021226-3,Qpct
Merged-chr17-79031332-1,Qpct
Merged-chr17-79033022-1,Qpct
Merged-chr17-79035305-2,Qpct
Merged-chr17-79036183-1,Qpct
Merged-chr17-79036789-1,Qpct
Merged-chr17-79037593-1,Qpct
Merged-chr17-79038247-1,Qpct
Merged-chr17-79042192-1,Qpct
Merged-chr17-79042834-1,Qpct
Merged-chr17-79043355-1,Qpct
Merged-chr17-79043794-21,Qpct
Merged-chr17-79052219-2,Qpct
Merged-chr17-79052632-56,Qpct
Merged-chr17-79065562-1,Qpct
Merged-chr17-79066723-1,Qpct
Merged-chr17-79068667-1,Qpct
Merged-chr17-79071412-1,Qpct
Merged-chr17-79076997-2,Qpct
Merged-chr17-79078036-1,Qpct
Merged-chr17-79079491-1,Qpct
Merged-chr17-79091900-3,Qpct
Merged-chr17-79093446-57,Qpct
Merged-chr17-79095384-1,Qpct
Merged-chr17-79100057-56,Qpct
Merged-chr17-79101478-1,Qpct
Merged-chr17-79102266-2,Qpct
Merged-chr17-79110999-11,Qpct
Merged-chr17-79113216-1,Qpct
Merged-chr17-79118521-1,Qpct
Merged-chr17-79122181-1,Qpct
Merged-chr17-79123476-1,Qpct
Merged-chr17-79137786-1,Qpct
Merged-chr17-79144455-1,Qpct
Merged-chr17-79161519-1,Qpct
Merged-chr17-79165054-1,Qpct
Merged-chr17-79167693-1,Qpct
Merged-chr17-79173815-1,Qpct
Merged-chr17-79181171-1,Qpct
Merged-chr17-79183324-1,Qpct
Merged-chr17-79188647-1,Qpct
